frame_num,centroid_x1,centroid_y1,centroid_x2,centroid_y2,delta_x,y
2,451.0,427.0,481.0,425.0,30.0,426.0
2,493.5,467.5,529.0,466.0,35.5,466.75
2,639.0,494.0,675.0,491.0,36.0,492.5
2,570.0,535.0,630.0,532.0,60.0,533.5
2,837.5,536.5,895.5,532.5,58.0,534.5
2,419.5,631.5,486.5,627.5,67.0,629.5
2,630.0,710.0,722.5,707.5,92.5,708.75
2,884.5,748.5,961.5,746.5,77.0,747.5
12,510.5,480.5,549.0,478.0,38.5,479.25
12,668.5,514.5,707.5,511.5,39.0,513.0
12,413.5,526.5,461.5,523.5,48.0,525.0
12,582.5,559.5,650.5,555.5,68.0,557.5
12,881.0,564.0,946.0,560.0,65.0,562.0
12,405.0,668.0,480.5,665.5,75.5,666.75
12,636.0,768.0,741.0,766.0,105.0,767.0
12,941.0,836.0,1031.0,835.0,90.0,835.5
24,512.0,430.0,540.0,428.0,28.0,429.0
24,532.0,501.0,574.5,497.5,42.5,499.25
24,709.0,546.0,752.5,543.5,43.5,544.75
24,422.0,554.0,475.5,551.5,53.5,552.75
24,598.0,598.0,675.5,595.5,77.5,596.75
24,947.5,610.5,1024.5,606.5,77.0,608.5
24,371.5,735.5,465.0,732.0,93.5,733.75
36,487.5,464.5,522.0,462.0,34.5,463.25
36,553.5,524.5,602.0,522.0,48.5,523.25
36,752.5,587.5,804.0,584.0,51.5,585.75
36,425.5,587.5,485.0,585.0,59.5,586.25
36,611.5,647.5,700.5,644.5,89.0,646.0
36,1033.5,672.5,1124.5,668.5,91.0,670.5
36,318.0,832.0,431.0,828.0,113.0,830.0
48,584.5,464.5,620.0,462.0,35.5,463.25
48,502.5,480.5,538.0,478.0,35.5,479.25
48,575.0,554.0,627.5,551.5,52.5,552.75
48,422.0,628.0,489.0,626.0,67.0,627.0
48,804.5,640.5,864.5,636.5,60.0,638.5
48,619.0,714.0,726.5,711.5,107.5,712.75
48,1151.5,764.5,1263.5,761.5,112.0,763.0
60,623.5,485.5,663.0,482.0,39.5,483.75
60,515.5,499.5,553.5,496.5,38.0,498.0
60,595.5,589.5,654.5,586.5,59.0,588.0
60,409.5,678.5,485.0,677.0,75.5,677.75
60,866.5,714.5,940.5,712.5,74.0,713.5
72,354.0,403.0,385.0,402.0,31.0,402.5
72,707.0,507.0,662.5,511.5,44.5,509.25
72,527.5,522.5,569.5,519.5,42.0,521.0
72,615.0,633.0,681.0,631.0,66.0,632.0
72,375.5,750.5,468.5,746.5,93.0,748.5
72,950.5,831.5,1044.0,830.0,93.5,830.75
84,382.0,413.0,416.5,410.5,34.5,411.75
84,622.5,436.5,658.0,435.0,35.5,435.75
84,705.0,544.0,755.0,540.0,50.0,542.0
84,536.5,547.5,583.5,545.5,47.0,546.5
84,632.5,690.5,711.0,690.0,78.5,690.25
96,411.5,424.5,447.5,421.5,36.0,423.0
96,314.0,430.0,346.0,429.0,32.0,429.5
96,662.0,450.0,698.0,448.0,36.0,449.0
96,544.5,579.5,597.0,577.0,52.5,578.25
96,748.0,588.0,807.0,583.0,59.0,585.5
96,648.5,773.5,746.0,773.0,97.5,773.25
108,439.0,437.0,478.0,435.0,39.0,436.0
108,341.0,446.0,375.5,444.5,34.5,445.25
108,702.0,467.0,742.0,464.0,40.0,465.5
108,552.0,618.0,610.5,615.5,58.5,616.75
108,800.0,645.0,868.5,641.5,68.5,643.25
120,466.5,452.5,507.0,450.0,40.5,451.25
120,745.5,485.5,788.5,483.5,43.0,484.5
120,555.5,665.5,623.0,663.0,67.5,664.25
120,861.0,731.0,945.5,725.5,84.5,728.25
132,495.0,470.0,539.0,468.0,44.0,469.0
132,380.5,485.5,419.0,483.0,38.5,484.25
132,792.5,508.5,840.0,506.0,47.5,507.25
132,556.5,729.5,636.5,727.5,80.0,728.5
144,521.0,489.0,570.0,487.0,49.0,488.0
144,842.0,537.0,894.5,534.5,52.5,535.75
144,553.5,823.5,649.5,821.5,96.0,822.5
156,548.0,451.0,581.0,448.0,33.0,449.5
156,546.0,515.0,600.0,511.0,54.0,513.0
156,403.5,542.5,451.0,540.0,47.5,541.25
156,895.5,573.5,956.5,570.5,61.0,572.0
168,585.0,467.0,620.5,465.5,35.5,466.25
168,569.5,544.5,629.0,542.0,59.5,543.25
168,406.5,581.5,461.5,579.5,55.0,580.5
168,959.5,620.5,1030.0,618.0,70.5,619.25
180,391.0,389.0,417.0,388.0,26.0,388.5
180,622.0,488.0,662.0,485.0,40.0,486.5
180,591.5,581.5,659.5,578.5,68.0,580.0
180,401.0,632.0,466.0,629.0,65.0,630.5
180,1036.5,683.5,1121.0,681.0,84.5,682.25
192,661.0,513.0,703.0,511.0,42.0,512.0
192,612.0,628.0,689.0,625.0,77.0,626.5
192,1144.0,779.0,1247.0,776.0,103.0,777.5
204,458.0,409.0,486.5,408.5,28.5,408.75
204,699.0,544.0,747.0,541.0,48.0,542.5
204,627.0,691.0,721.0,689.0,94.0,690.0
204,321.5,799.5,426.5,797.5,105.0,798.5
216,493.0,421.0,523.0,419.0,30.0,420.0
216,736.5,583.5,791.5,581.5,55.0,582.5
216,639.5,785.5,756.5,782.5,117.0,784.0
228,529.5,434.5,563.5,433.5,34.0,434.0
228,778.0,634.0,839.5,631.5,61.5,632.75
228,385.0,803.0,471.0,784.0,86.0,793.5
240,471.0,411.0,499.0,410.0,28.0,410.5
240,568.0,450.0,603.0,449.0,35.0,449.5
240,825.0,705.0,899.0,702.0,74.0,703.5
252,366.0,412.0,393.0,411.0,27.0,411.5
252,506.0,423.0,535.0,420.0,29.0,421.5
252,607.5,469.5,646.0,467.0,38.5,468.25
252,884.0,810.0,978.0,810.0,94.0,810.0
264,542.0,435.0,573.0,434.0,31.0,434.5
264,648.5,491.5,691.5,489.5,43.0,490.5
276,420.0,432.0,450.0,431.0,30.0,431.5
276,579.5,450.5,613.0,449.0,33.5,449.75
276,691.5,519.5,738.5,516.5,47.0,518.0
288,485.0,423.0,514.0,422.0,29.0,422.5
288,327.0,432.0,356.0,429.0,29.0,430.5
288,446.0,445.0,477.5,443.5,31.5,444.25
288,616.0,469.0,653.5,466.5,37.5,467.75
288,738.5,553.5,791.5,550.5,53.0,552.0
300,518.0,435.0,548.0,434.0,30.0,434.5
300,348.5,444.5,378.5,443.5,30.0,444.0
300,472.0,460.0,506.0,458.0,34.0,459.0
300,652.5,491.5,693.0,488.0,40.5,489.75
300,788.5,597.5,851.5,595.5,63.0,596.5
312,320.0,424.0,347.5,421.5,27.5,422.75
312,552.0,450.0,584.0,449.0,32.0,449.5
312,367.5,459.5,400.0,457.0,32.5,458.25
312,496.5,476.5,533.0,474.0,36.5,475.25
312,689.0,518.0,734.5,515.5,45.5,516.75
312,845.5,658.5,919.0,655.0,73.5,656.75
324,345.0,435.0,375.5,433.5,30.5,434.25
324,587.5,466.5,621.0,464.0,33.5,465.25
324,383.5,476.5,419.0,474.0,35.5,475.25
324,517.5,496.5,559.5,494.5,42.0,495.5
324,729.0,551.0,780.0,548.0,51.0,549.5
324,914.5,745.5,1006.0,744.0,91.5,744.75
336,452.0,390.0,473.0,391.0,21.0,390.5
336,506.5,434.5,540.0,432.0,33.5,433.25
336,366.5,448.5,399.0,446.0,32.5,447.25
336,623.0,487.0,659.0,485.0,36.0,486.0
336,399.0,496.0,437.0,494.0,38.0,495.0
336,539.0,520.0,584.0,518.0,45.0,519.0
336,771.0,593.0,830.0,590.0,59.0,591.5
348,415.0,380.0,438.0,379.0,23.0,379.5
348,496.0,400.0,517.0,399.0,21.0,399.5
348,539.0,450.0,577.0,447.0,38.0,448.5
348,387.5,462.5,423.0,461.0,35.5,461.75
348,659.5,510.5,700.0,509.0,40.5,509.75
348,411.5,520.5,453.5,518.5,42.0,519.5
348,560.0,550.0,610.0,546.0,50.0,548.0
348,815.5,648.5,885.0,645.0,69.5,646.75
360,458.0,387.0,483.0,386.0,25.0,386.5
360,541.0,412.0,564.0,412.0,23.0,412.0
360,576.5,467.5,615.0,465.0,38.5,466.25
360,404.0,481.0,441.5,477.5,37.5,479.25
360,698.5,539.5,744.0,537.0,45.5,538.25
360,420.0,549.0,466.5,547.5,46.5,548.25
360,579.5,585.5,636.0,582.0,56.5,583.75
360,869.0,726.0,954.0,723.0,85.0,724.5
372,504.0,397.0,530.0,396.0,26.0,396.5
372,586.0,427.0,610.0,425.0,24.0,426.0
372,613.5,490.5,657.0,487.0,43.5,488.75
372,418.0,501.0,458.5,499.5,40.5,500.25
372,739.5,575.5,790.0,572.0,50.5,573.75
372,423.5,584.5,476.0,582.0,52.5,583.25
372,598.0,629.0,663.0,627.0,65.0,628.0
384,550.0,409.0,578.5,406.5,28.5,407.75
384,379.0,423.0,413.0,422.0,34.0,422.5
384,633.5,442.5,661.0,442.0,27.5,442.25
384,652.5,517.5,699.5,513.5,47.0,515.5
384,429.0,527.0,474.0,524.0,45.0,525.5
384,783.5,621.5,842.0,619.0,58.5,620.25
384,418.0,627.0,479.5,623.5,61.5,625.25
384,617.0,688.0,693.5,686.5,76.5,687.25
396,600.5,422.5,631.0,422.0,30.5,422.25
396,407.0,435.0,443.0,433.0,36.0,434.0
396,686.0,463.0,714.5,461.5,28.5,462.25
396,691.0,550.0,747.0,545.0,56.0,547.5
396,437.0,557.0,488.0,555.0,51.0,556.0
396,403.5,681.5,474.5,679.5,71.0,680.5
396,832.5,683.5,902.5,681.5,70.0,682.5
396,630.5,772.5,725.0,773.0,94.5,772.75
408,654.0,439.0,686.0,437.0,32.0,438.0
408,434.0,450.0,473.0,448.0,39.0,449.0
408,742.0,488.0,774.5,486.5,32.5,487.25
408,733.0,592.0,797.0,588.0,64.0,590.0
408,440.5,595.5,497.5,592.5,57.0,594.0
408,371.5,762.5,461.5,757.5,90.0,760.0
408,892.0,775.0,978.0,773.0,86.0,774.0
420,532.5,408.5,563.0,408.0,30.5,408.25
420,709.5,458.5,745.5,456.5,36.0,457.5
420,460.5,467.5,501.5,464.5,41.0,466.0
420,803.0,518.0,839.5,515.5,36.5,516.75
420,435.5,641.5,502.5,637.5,67.0,639.5
420,782.5,645.5,858.0,642.0,75.5,643.75
432,576.5,421.5,609.0,420.0,32.5,420.75
432,768.5,483.5,809.5,481.5,41.0,482.5
432,487.5,486.5,532.5,484.5,45.0,485.5
432,870.5,556.5,913.5,554.5,43.0,555.5
432,418.5,701.5,495.5,699.5,77.0,700.5
432,838.5,721.5,931.5,718.5,93.0,720.0
444,528.0,436.0,556.0,434.0,28.0,435.0
444,620.0,436.0,656.0,434.0,36.0,435.0
444,513.5,511.5,563.0,508.0,49.5,509.75
444,834.0,514.0,879.5,512.5,45.5,513.25
444,948.5,611.5,999.5,609.5,51.0,610.5
444,380.0,790.0,472.5,786.5,92.5,788.25
444,913.5,838.5,1032.5,836.5,119.0,837.5
456,562.0,450.0,591.0,449.0,29.0,449.5
456,666.5,452.5,706.5,450.5,40.0,451.5
456,539.0,541.0,593.5,538.5,54.5,539.75
456,905.5,554.5,959.0,553.0,53.5,553.75
456,1048.5,690.5,1110.0,688.0,61.5,689.25
468,350.5,403.5,375.0,403.0,24.5,403.25
468,597.0,468.0,629.5,466.5,32.5,467.25
468,717.0,473.0,759.0,470.0,42.0,471.5
468,561.5,578.5,623.0,575.0,61.5,576.75
468,988.5,610.5,1053.0,608.0,64.5,609.25
468,1197.5,821.5,1276.0,817.0,78.5,819.25
480,428.0,402.0,452.0,400.0,24.0,401.0
480,378.0,412.0,403.0,411.0,25.0,411.5
480,633.5,488.5,669.5,486.5,36.0,487.5
480,770.5,497.5,817.5,494.5,47.0,496.0
480,579.0,626.0,651.5,622.5,72.5,624.25
480,1097.5,692.5,1179.0,690.0,81.5,691.25
492,527.0,399.0,554.0,398.0,27.0,398.5
492,464.0,412.0,490.0,410.0,26.0,411.0
492,405.0,422.0,432.0,421.0,27.0,421.5
492,482.0,475.0,514.0,473.0,32.0,474.0
492,672.0,513.0,710.5,510.5,38.5,511.75
492,830.0,528.0,883.5,524.5,53.5,526.25
492,593.5,687.5,679.0,685.0,85.5,686.25
504,564.0,409.0,592.5,407.5,28.5,408.25
504,496.0,423.0,524.0,421.0,28.0,422.0
504,427.5,431.5,457.0,430.0,29.5,430.75
504,315.0,434.0,347.5,431.5,32.5,432.75
504,505.0,493.0,539.0,491.0,34.0,492.0
504,707.0,541.0,750.0,538.0,43.0,539.5
504,890.0,564.0,952.5,559.5,62.5,561.75
504,604.0,772.0,708.0,770.0,104.0,771.0
516,400.0,399.0,438.0,400.0,38.0,399.5
516,607.5,421.5,638.0,420.0,30.5,420.75
516,534.0,435.0,565.0,433.0,31.0,434.0
516,454.0,445.0,485.0,442.0,31.0,443.5
516,337.5,447.5,371.0,445.0,33.5,446.25
516,528.5,517.5,567.0,515.0,38.5,516.25
516,748.0,578.0,796.0,574.0,48.0,576.0
516,967.0,615.0,1041.0,612.0,74.0,613.5
528,329.5,400.5,354.0,400.0,24.5,400.25
528,434.5,408.5,475.0,410.0,40.5,409.25
528,653.0,435.0,685.0,434.0,32.0,434.5
528,571.0,450.0,604.0,448.0,33.0,449.0
528,478.0,460.0,513.0,458.0,35.0,459.0
528,355.5,462.5,390.5,460.5,35.0,461.5
528,553.0,546.0,596.0,544.0,43.0,545.0
528,792.0,623.0,848.0,619.0,56.0,621.0
528,1064.5,687.5,1153.0,685.0,88.5,686.25
540,361.0,410.0,388.5,409.5,27.5,409.75
540,700.0,453.0,736.0,450.0,36.0,451.5
540,610.5,467.5,647.0,466.0,36.5,466.75
540,502.0,477.0,539.0,474.0,37.0,475.5
540,369.5,480.5,409.0,478.0,39.5,479.25
540,674.5,520.5,716.0,519.0,41.5,519.75
540,575.0,582.0,624.0,579.0,49.0,580.5
540,843.0,685.0,908.0,682.0,65.0,683.5
540,1197.5,802.5,1310.5,800.5,113.0,801.5
552,392.5,419.5,419.5,420.5,27.0,420.0
552,520.0,437.0,551.0,435.0,31.0,436.0
552,750.0,472.0,788.5,470.5,38.5,471.25
552,650.5,490.5,689.5,487.5,39.0,489.0
552,526.5,496.5,566.5,494.5,40.0,495.5
552,382.0,502.0,425.0,500.0,43.0,501.0
552,716.5,552.5,764.0,551.0,47.5,551.75
552,591.5,625.5,649.5,623.5,58.0,624.5
552,903.5,773.5,985.0,772.0,81.5,772.75
564,436.0,401.0,464.0,400.0,28.0,400.5
564,422.5,431.5,452.5,431.5,30.0,431.5
564,557.0,453.0,590.0,451.0,33.0,452.0
564,708.0,468.0,742.0,465.0,34.0,466.5
564,805.0,497.0,849.5,495.5,44.5,496.25
564,691.5,515.5,734.0,514.0,42.5,514.75
564,548.5,520.5,593.0,519.0,44.5,519.75
564,391.5,527.5,437.5,524.5,46.0,526.0
564,760.0,594.0,815.5,592.5,55.5,593.25
564,608.0,684.0,674.5,682.5,66.5,683.25
576,471.0,411.0,502.0,410.0,31.0,410.5
576,451.5,446.5,483.0,445.0,31.5,445.75
576,595.5,472.5,631.5,471.5,36.0,472.0
576,755.5,489.5,793.5,487.5,38.0,488.5
576,864.5,528.5,914.0,527.0,49.5,527.75
576,396.0,559.0,448.5,556.5,52.5,557.75
576,811.5,648.5,874.5,645.5,63.0,647.0
576,621.5,766.5,702.0,766.0,80.5,766.25
588,508.0,423.0,539.5,420.5,31.5,421.75
588,337.0,445.0,362.0,444.0,25.0,444.5
588,479.0,461.0,513.5,460.5,34.5,460.75
588,635.5,496.5,675.0,494.0,39.5,495.25
588,809.5,517.5,852.0,515.0,42.5,516.25
588,929.5,569.5,987.0,567.0,57.5,568.25
588,780.5,591.5,835.5,589.5,55.0,590.5
588,591.0,587.0,646.0,584.0,55.0,585.5
588,394.0,598.0,451.5,593.5,57.5,595.75
588,871.5,723.5,947.0,721.0,75.5,722.25
600,374.0,408.0,401.0,407.0,27.0,407.5
600,543.5,435.5,578.0,434.0,34.5,434.75
600,507.0,481.0,544.5,479.5,37.5,480.25
600,676.5,526.5,721.5,524.5,45.0,525.5
600,870.0,552.0,918.0,550.0,48.0,551.0
600,1005.5,624.5,1075.5,622.5,70.0,623.5
600,610.5,631.5,671.5,629.5,61.0,630.5
600,382.0,644.0,449.0,642.0,67.0,643.0
600,829.0,648.0,893.5,645.5,64.5,646.75
600,952.0,840.0,1048.5,838.5,96.5,839.25
612,582.5,450.5,620.0,449.0,37.5,449.75
612,722.0,564.0,772.0,562.0,50.0,563.0
612,939.5,597.5,995.5,595.5,56.0,596.5
612,627.5,690.5,701.5,687.5,74.0,689.0
612,1109.0,705.0,1195.0,702.0,86.0,703.5
612,356.5,707.5,437.0,705.0,80.5,706.25
612,885.5,728.5,967.0,727.0,81.5,727.75
624,621.5,468.5,662.5,467.5,41.0,468.0
624,387.0,494.0,417.0,492.0,30.0,493.0
624,558.5,529.5,603.0,529.0,44.5,529.25
624,769.5,613.5,828.5,610.5,59.0,612.0
624,1025.5,660.5,1091.5,657.5,66.0,659.0
624,643.0,775.0,734.5,773.5,91.5,774.25
624,306.5,802.5,408.0,800.0,101.5,801.25
624,1262.5,829.5,1378.0,831.0,115.5,830.25
636,309.0,427.0,335.5,425.5,26.5,426.25
636,461.0,441.0,491.0,439.0,30.0,440.0
636,663.5,491.5,709.0,488.0,45.5,489.75
636,398.0,516.0,431.5,514.5,33.5,515.25
636,581.0,562.0,632.5,560.5,51.5,561.25
636,820.5,679.5,891.5,675.5,71.0,677.5
636,1140.0,753.0,1223.5,752.5,83.5,752.75
648,333.5,440.5,362.0,438.0,28.5,439.25
648,489.5,455.5,522.0,453.0,32.5,454.25
648,707.5,517.5,758.0,515.0,50.5,516.25
648,404.0,544.0,440.5,542.5,36.5,543.25
648,603.0,604.0,660.0,603.0,57.0,603.5
648,884.0,776.0,974.0,774.0,90.0,775.0
660,524.0,434.0,555.5,432.5,31.5,433.25
660,355.0,454.0,386.0,452.0,31.0,453.0
660,516.0,471.0,552.5,470.5,36.5,470.75
660,754.0,551.0,810.0,548.0,56.0,549.5
660,405.5,576.5,445.5,573.5,40.0,575.0
660,620.5,657.5,691.5,656.5,71.0,657.0
672,561.0,449.0,595.0,446.0,34.0,447.5
672,376.0,470.0,408.5,467.5,32.5,468.75
672,542.5,491.5,581.5,490.5,39.0,491.0
672,802.0,596.0,869.0,593.0,67.0,594.5
672,401.5,615.5,447.0,613.0,45.5,614.25
672,640.5,734.5,720.5,733.5,80.0,734.0
672,638.5,748.5,723.0,747.0,84.5,747.75
684,598.0,466.0,636.0,464.0,38.0,465.0
684,393.5,490.5,428.0,487.0,34.5,488.75
684,566.0,516.0,609.0,514.0,43.0,515.0
684,855.5,653.5,935.5,651.5,80.0,652.5
684,389.0,662.0,442.5,660.5,53.5,661.25
684,655.0,831.0,757.0,831.0,102.0,831.0
696,638.5,487.5,679.0,484.0,40.5,485.75
696,407.0,512.0,446.5,510.5,39.5,511.25
696,586.5,544.5,633.5,542.5,47.0,543.5
696,363.0,728.0,429.0,725.0,66.0,726.5
696,921.0,740.0,1019.5,738.5,98.5,739.25
708,680.0,512.0,724.5,508.5,44.5,510.25
708,416.0,541.0,461.0,538.0,45.0,539.5
708,602.0,581.0,656.0,578.0,54.0,579.5
708,319.0,822.0,398.5,819.5,79.5,820.75
720,555.0,451.0,587.0,449.0,32.0,450.0
720,722.0,542.0,773.0,539.0,51.0,540.5
720,420.5,574.5,469.5,571.5,49.0,573.0
720,615.0,624.0,676.0,621.0,61.0,622.5
732,344.0,436.0,376.5,434.5,32.5,435.25
732,593.5,470.5,627.5,467.5,34.0,469.0
732,768.5,581.5,826.5,577.5,58.0,579.5
732,417.5,616.5,474.5,613.5,57.0,615.0
732,627.5,681.5,698.0,679.0,70.5,680.25
744,372.0,452.0,406.5,449.5,34.5,450.75
744,631.0,492.0,670.0,489.0,39.0,490.5
744,817.5,630.5,885.5,628.5,68.0,629.5
744,406.0,667.0,472.5,665.5,66.5,666.25
744,641.5,761.5,727.5,759.5,86.0,760.5
756,437.0,405.0,466.0,402.0,29.0,403.5
756,648.0,442.0,686.5,440.5,38.5,441.25
756,398.0,470.0,435.0,467.0,37.0,468.5
756,669.0,518.0,712.5,516.5,43.5,517.25
756,848.0,536.0,898.0,533.0,50.0,534.5
756,855.0,553.0,898.0,552.0,43.0,552.5
756,874.0,700.0,955.0,698.0,81.0,699.0
756,377.0,743.0,459.0,738.0,82.0,740.5
768,474.5,415.5,505.0,413.0,30.5,414.25
768,695.0,461.0,736.0,458.0,41.0,459.5
768,418.5,492.5,462.0,490.0,43.5,491.25
768,709.0,552.0,756.5,549.5,47.5,550.75
768,913.0,577.0,970.0,573.0,57.0,575.0
768,915.5,583.5,968.5,581.5,53.0,582.5
768,918.0,596.0,968.5,593.5,50.5,594.75
768,944.0,805.0,1046.0,801.0,102.0,803.0
780,512.0,427.0,546.0,425.0,34.0,426.0
780,470.0,452.0,506.0,451.0,36.0,451.5
780,603.0,464.0,633.5,463.5,30.5,463.75
780,742.5,480.5,787.5,479.5,45.0,480.0
780,435.0,518.0,482.5,515.5,47.5,516.75
780,749.0,594.0,805.5,591.5,56.5,592.75
780,986.5,627.5,1053.5,625.5,67.0,626.5
780,993.0,650.0,1051.5,648.5,58.5,649.25
792,489.0,414.0,522.0,412.0,33.0,413.0
792,397.0,427.0,433.0,425.0,36.0,426.0
792,551.5,441.5,588.0,440.0,36.5,440.75
792,638.0,484.0,674.0,483.0,36.0,483.5
792,792.5,506.5,842.5,504.5,50.0,505.5
792,444.5,552.5,498.5,549.5,54.0,551.0
792,796.5,649.5,862.5,646.5,66.0,648.0
792,1088.5,728.5,1159.0,727.0,70.5,727.75
804,352.0,408.0,379.0,407.0,27.0,407.5
804,522.0,425.0,558.0,423.0,36.0,424.0
804,426.0,439.0,462.0,437.0,36.0,438.0
804,590.5,457.5,631.0,455.0,40.5,456.25
804,675.0,508.0,713.5,506.5,38.5,507.25
804,850.0,539.0,905.5,535.5,55.5,537.25
804,444.5,592.5,505.5,589.5,61.0,591.0
804,852.0,726.0,932.0,724.0,80.0,725.0
804,1206.0,811.0,1311.5,808.5,105.5,809.75
804,1218.5,846.5,1309.5,845.5,91.0,846.0
816,380.5,417.5,410.0,417.0,29.5,417.25
816,326.5,433.5,356.0,432.0,29.5,432.75
816,554.5,437.5,593.5,435.5,39.0,436.5
816,452.0,452.0,489.5,449.5,37.5,450.75
816,630.0,477.0,672.0,475.0,42.0,476.0
816,539.0,503.0,584.0,501.0,45.0,502.0
816,712.0,539.0,757.5,535.5,45.5,537.25
816,914.5,580.5,979.0,578.0,64.5,579.25
816,431.0,644.0,503.0,642.0,72.0,643.0
828,306.0,364.0,324.0,361.0,18.0,362.5
828,410.0,429.0,442.0,428.0,32.0,428.5
828,348.5,446.5,379.5,444.5,31.0,445.5
828,587.5,452.5,630.0,450.0,42.5,451.25
828,474.0,467.0,515.0,464.0,41.0,465.5
828,669.0,501.0,716.0,497.0,47.0,499.0
828,562.0,525.0,610.5,523.5,48.5,524.25
828,752.5,574.5,802.0,573.0,49.5,573.75
828,990.5,635.5,1066.5,633.5,76.0,634.5
828,395.0,716.0,484.5,713.5,89.5,714.75
840,350.0,369.0,370.0,368.0,20.0,368.5
840,438.0,443.0,471.5,440.5,33.5,441.75
840,370.0,460.0,402.5,457.5,32.5,458.75
840,621.0,470.0,667.0,468.0,46.0,469.0
840,496.5,484.5,543.0,482.0,46.5,483.25
840,709.0,530.0,761.5,526.5,52.5,528.25
840,580.0,553.0,632.5,549.5,52.5,551.25
840,796.0,620.0,853.0,618.0,57.0,619.0
840,1089.0,715.0,1182.5,714.5,93.5,714.75
840,324.5,827.5,435.0,826.0,110.5,826.75
852,396.5,375.5,417.5,374.5,21.0,375.0
852,467.5,457.5,502.0,455.0,34.5,456.25
852,388.0,476.0,424.0,474.0,36.0,475.0
852,655.0,492.0,703.5,488.5,48.5,490.25
852,519.0,505.0,567.5,502.5,48.5,503.75
852,748.0,565.0,810.5,561.5,62.5,563.25
852,595.5,584.5,655.0,583.0,59.5,583.75
852,846.0,683.0,916.0,682.0,70.0,682.5
864,443.0,384.0,464.5,381.5,21.5,382.75
864,302.0,391.0,322.0,390.0,20.0,390.5
864,350.0,414.0,383.0,411.0,33.0,412.5
864,557.5,415.5,590.0,414.0,32.5,414.75
864,492.5,473.5,531.5,471.5,39.0,472.5
864,403.5,495.5,441.5,492.5,38.0,494.0
864,687.0,517.0,742.0,513.0,55.0,515.0
864,539.5,529.5,592.5,525.5,53.0,527.5
864,789.0,610.0,862.0,606.0,73.0,608.0
864,609.0,624.0,675.0,621.0,66.0,622.5
864,911.0,774.0,994.0,772.0,83.0,773.0
876,490.0,392.0,512.0,391.0,22.0,391.5
876,605.0,431.0,640.0,429.0,35.0,430.0
876,517.5,493.5,558.5,491.5,41.0,492.5
876,413.0,518.0,456.5,515.5,43.5,516.75
876,723.0,549.0,784.5,544.5,61.5,546.75
876,559.0,558.0,617.0,555.0,58.0,556.5
876,836.5,669.5,921.5,665.5,85.0,667.5
876,618.0,672.0,694.5,671.5,76.5,671.75
888,536.0,403.0,561.0,401.0,25.0,402.0
888,387.0,437.0,424.0,435.0,37.0,436.0
888,654.5,448.5,693.0,446.0,38.5,447.25
888,540.5,517.5,585.5,513.5,45.0,515.5
888,419.5,546.5,466.5,544.5,47.0,545.5
888,761.0,588.0,830.5,584.5,69.5,586.25
888,576.5,592.5,640.5,590.5,64.0,591.5
888,624.0,738.0,713.0,737.0,89.0,737.5
888,892.0,754.0,994.5,751.5,102.5,752.75
900,587.0,416.0,612.5,413.5,25.5,414.75
900,402.0,451.0,443.0,450.0,41.0,450.5
900,708.0,470.0,751.5,467.5,43.5,468.75
900,562.0,544.0,612.0,542.0,50.0,543.0
900,420.0,580.0,472.5,577.5,52.5,578.75
900,588.5,634.5,662.5,633.5,74.0,634.0
900,801.5,638.5,883.0,634.0,81.5,636.25
900,621.0,833.0,731.0,832.0,110.0,832.5
912,636.5,430.5,665.0,428.0,28.5,429.25
912,422.0,432.0,449.5,430.5,27.5,431.25
912,414.5,469.5,458.5,466.5,44.0,468.0
912,764.5,496.5,813.0,494.0,48.5,495.25
912,580.0,577.0,638.5,575.5,58.5,576.25
912,412.0,620.0,472.5,618.5,60.5,619.25
912,598.5,692.5,685.0,689.0,86.5,690.75
912,853.0,711.0,951.5,707.5,98.5,709.25
924,400.0,379.0,420.0,378.0,20.0,378.5
924,314.0,433.0,345.0,432.0,31.0,432.5
924,453.0,446.0,482.5,444.5,29.5,445.25
924,689.0,449.0,720.5,446.5,31.5,447.75
924,424.0,490.0,471.0,487.0,47.0,488.5
924,826.5,531.5,883.5,528.5,57.0,530.0
924,597.5,618.5,662.0,616.0,64.5,617.25
924,396.5,671.5,467.0,670.0,70.5,670.75
924,600.5,768.5,706.5,766.5,106.0,767.5
924,920.0,820.0,1044.0,818.0,124.0,819.0
936,444.0,387.0,464.0,386.0,20.0,386.5
936,336.0,446.0,367.0,444.0,31.0,445.0
936,484.5,462.5,517.5,459.5,33.0,461.0
936,744.5,470.5,779.5,468.5,35.0,469.5
936,429.5,513.5,479.5,511.5,50.0,512.5
936,895.5,577.5,959.5,574.5,64.0,576.0
936,611.0,668.0,685.0,668.0,74.0,668.0
936,364.5,744.5,451.5,740.5,87.0,742.5
948,319.5,393.5,343.0,393.0,23.5,393.25
948,485.0,395.0,508.0,394.0,23.0,394.5
948,354.5,460.5,390.5,457.5,36.0,459.0
948,515.0,482.0,550.5,479.5,35.5,480.75
948,805.0,497.0,844.5,494.5,39.5,495.75
948,427.5,543.5,486.5,541.5,59.0,542.5
948,976.5,642.5,1056.0,639.0,79.5,640.75
948,618.5,737.5,706.5,736.5,88.0,737.0
960,351.0,403.0,376.0,402.0,25.0,402.5
960,529.0,406.0,552.0,405.0,23.0,405.5
960,374.5,477.5,411.5,473.5,37.0,475.5
960,545.5,505.5,585.0,504.0,39.5,504.75
960,871.5,532.5,917.0,529.0,45.5,530.75
960,423.0,581.0,488.5,578.5,65.5,579.75
960,1090.5,741.5,1189.5,738.5,99.0,740.0
960,619.5,840.5,726.0,838.0,106.5,839.25
972,352.0,382.0,374.0,380.0,22.0,381.0
972,383.5,413.5,411.0,413.0,27.5,413.25
972,571.0,418.0,596.0,418.0,25.0,418.0
972,391.5,496.5,431.5,492.5,40.0,494.5
972,573.5,533.5,617.5,531.5,44.0,532.5
972,948.0,579.0,1002.0,576.0,54.0,577.5
972,409.5,627.5,486.5,622.5,77.0,625.0
984,392.0,391.0,415.0,390.0,23.0,390.5
984,417.0,427.0,445.5,426.5,28.5,426.75
984,617.0,434.0,642.5,431.5,25.5,432.75
984,407.5,519.5,450.5,516.5,43.0,518.0
984,600.0,570.0,649.5,567.5,49.5,568.75
984,1040.0,644.0,1105.0,641.0,65.0,642.5
984,386.0,683.0,476.0,681.0,90.0,682.0
996,432.0,402.0,456.5,400.5,24.5,401.25
996,302.0,419.0,330.0,418.0,28.0,418.5
996,450.0,444.0,479.5,442.5,29.5,443.25
996,665.0,450.0,694.0,449.0,29.0,449.5
996,419.5,546.5,467.5,544.5,48.0,545.5
996,623.0,615.0,679.5,612.5,56.5,613.75
996,1167.0,745.0,1252.5,743.5,85.5,744.25
996,342.5,771.5,454.0,766.0,111.5,768.75
1008,472.5,415.5,500.5,413.5,28.0,414.5
1008,328.0,431.0,359.0,430.0,31.0,430.5
1008,482.0,460.0,514.5,459.5,32.5,459.75
1008,714.5,471.5,747.5,469.5,33.0,470.5
1008,427.5,580.5,481.5,577.5,54.0,579.0
1008,640.5,672.5,708.5,671.5,68.0,672.0
1020,513.0,430.0,543.0,429.0,30.0,429.5
1020,356.0,445.0,389.0,444.0,33.0,444.5
1020,514.0,483.0,548.5,480.5,34.5,481.75
1020,765.5,495.5,801.5,494.5,36.0,495.0
1020,426.5,620.5,488.5,617.5,62.0,619.0
1020,656.0,759.0,741.0,758.0,85.0,758.5
1032,380.0,389.0,409.0,387.0,29.0,388.0
1032,337.5,400.5,359.0,399.0,21.5,399.75
1032,556.0,449.0,588.0,447.0,32.0,448.0
1032,382.0,462.0,417.0,460.0,35.0,461.0
1032,543.5,509.5,582.5,507.5,39.0,508.5
1032,819.5,527.5,860.5,526.5,41.0,527.0
1032,415.5,672.5,487.0,670.0,71.5,671.25
1044,366.0,410.0,388.5,408.5,22.5,409.25
1044,598.5,470.5,634.5,468.5,36.0,469.5
1044,404.5,480.5,442.0,478.0,37.5,479.25
1044,570.5,543.5,617.0,542.0,46.5,542.75
1044,881.5,569.5,928.0,567.0,46.5,568.25
1044,387.0,747.0,476.5,743.5,89.5,745.25
1056,465.0,410.0,497.5,408.5,32.5,409.25
1056,392.5,419.5,417.5,416.5,25.0,418.0
1056,301.5,429.5,332.5,426.5,31.0,428.0
1056,645.0,499.0,684.0,495.0,39.0,497.0
1056,422.5,504.5,464.5,501.5,42.0,503.0
1056,598.0,586.0,652.0,586.0,54.0,586.0
1056,956.0,624.0,1011.5,621.5,55.5,622.75
1068,417.5,430.5,444.5,427.5,27.0,429.0
1068,507.5,423.5,543.0,422.0,35.5,422.75
1068,325.0,442.0,358.0,441.0,33.0,441.5
1068,435.5,532.5,483.0,530.0,47.5,531.25
1068,691.0,533.0,738.0,530.0,47.0,531.5
1068,621.5,643.5,685.0,643.0,63.5,643.25
1068,1053.0,704.0,1121.5,701.5,68.5,702.75
1080,313.0,395.0,335.0,395.0,22.0,395.0
1080,319.5,428.5,349.0,428.0,29.5,428.25
1080,551.5,441.5,589.5,439.5,38.0,440.5
1080,444.0,443.0,472.0,440.0,28.0,441.5
1080,346.0,459.0,382.0,456.0,36.0,457.5
1080,442.5,568.5,495.0,566.0,52.5,567.25
1080,740.5,579.5,794.5,576.5,54.0,578.0
1080,638.0,726.0,718.5,725.5,80.5,725.75
1080,1200.5,832.5,1290.0,830.0,89.5,831.25
1092,342.0,404.0,366.0,403.0,24.0,403.5
1092,342.0,441.0,372.0,441.0,30.0,441.0
1092,468.5,457.5,499.0,455.0,30.5,456.25
1092,594.0,461.0,637.0,459.0,43.0,460.0
1092,368.0,476.0,408.0,474.0,40.0,475.0
1092,439.0,612.0,500.0,609.0,61.0,610.5
1092,795.5,642.5,861.5,640.5,66.0,641.5
1104,462.0,393.0,489.0,391.0,27.0,392.0
1104,370.0,413.0,396.0,412.0,26.0,412.5
1104,364.0,456.0,396.0,455.0,32.0,455.5
1104,494.0,474.0,527.5,471.5,33.5,472.75
1104,637.5,485.5,685.5,484.5,48.0,485.0
1104,388.0,498.0,430.5,494.5,42.5,496.25
1104,422.0,668.0,493.5,664.5,71.5,666.25
1104,863.0,739.0,946.0,737.0,83.0,738.0
1116,510.0,405.0,538.0,403.0,28.0,404.0
1116,398.0,423.0,424.5,421.5,26.5,422.25
1116,685.5,452.5,722.0,451.0,36.5,451.75
1116,383.0,473.0,420.0,471.0,37.0,472.0
1116,518.0,493.0,553.5,490.5,35.5,491.75
1116,679.0,517.0,732.5,515.5,53.5,516.25
1116,402.0,524.0,449.5,521.5,47.5,522.75
1116,381.0,748.0,470.5,744.5,89.5,746.25
1128,558.5,417.5,589.0,415.0,30.5,416.25
1128,424.0,435.0,453.5,433.5,29.5,434.25
1128,742.0,477.0,783.5,475.5,41.5,476.25
1128,402.0,493.0,439.0,491.0,37.0,492.0
1128,540.5,516.5,580.0,513.0,39.5,514.75
1128,411.5,556.5,464.5,553.5,53.0,555.0
1128,717.5,559.5,780.0,555.0,62.5,557.25
1140,356.0,384.0,384.0,385.0,28.0,384.5
1140,609.5,433.5,643.0,431.0,33.5,432.25
1140,452.0,450.0,481.5,447.5,29.5,448.75
1140,803.5,507.5,850.0,506.0,46.5,506.75
1140,414.0,517.0,455.5,515.5,41.5,516.25
1140,413.0,597.0,474.0,594.0,61.0,595.5
1140,751.5,610.5,826.5,608.5,75.0,609.5
1152,391.0,393.0,420.5,392.5,29.5,392.75
1152,664.0,452.0,700.0,450.0,36.0,451.0
1152,478.0,466.0,511.0,463.0,33.0,464.5
1152,870.5,547.5,924.5,545.5,54.0,546.5
1152,422.0,548.0,469.5,545.5,47.5,546.75
1152,577.5,578.5,628.5,572.5,51.0,575.5
1152,405.0,649.0,475.5,646.5,70.5,647.75
1152,783.5,686.5,874.5,683.5,91.0,685.0
1164,720.5,475.5,762.0,473.0,41.5,474.25
1164,504.0,484.0,540.0,482.0,36.0,483.0
1164,424.0,586.0,476.5,583.5,52.5,584.75
1164,948.5,602.5,1013.5,600.5,65.0,601.5
1164,594.5,622.5,651.5,615.5,57.0,619.0
1164,377.0,721.0,464.5,717.5,87.5,719.25
1164,811.0,798.0,929.0,798.0,118.0,798.0
1176,314.5,431.5,344.5,429.5,30.0,430.5
1176,415.0,435.0,449.0,433.0,34.0,434.0
1176,783.5,505.5,829.5,502.5,46.0,504.0
1176,528.5,506.5,567.5,503.5,39.0,505.0
1176,416.5,632.5,478.0,629.0,61.5,630.75
1176,607.5,669.5,675.0,667.0,67.5,668.25
1176,610.0,681.0,674.0,676.0,64.0,678.5
1176,1048.5,681.5,1130.0,680.0,81.5,680.75
1176,608.5,694.5,672.5,692.5,64.0,693.5
1176,315.0,832.0,425.5,831.5,110.5,831.75
1188,339.0,447.0,372.0,445.0,33.0,446.0
1188,442.5,449.5,480.0,447.0,37.5,448.25
1188,551.0,533.0,595.5,529.5,44.5,531.25
1188,397.5,692.5,470.5,691.5,73.0,692.0
1188,617.0,745.0,701.0,743.0,84.0,744.0
1188,617.5,760.5,700.5,758.5,83.0,759.5
1188,620.0,777.0,698.0,774.0,78.0,775.5
1188,1197.5,811.5,1305.5,810.5,108.0,811.0
1200,459.5,410.5,492.0,409.0,32.5,409.75
1200,530.0,436.0,566.0,435.0,36.0,435.5
1200,362.0,464.0,397.5,461.5,35.5,462.75
1200,471.5,467.5,512.5,464.5,41.0,466.0
1200,576.0,566.0,624.5,562.5,48.5,564.25
1200,931.5,592.5,998.0,591.0,66.5,591.75
1200,356.5,784.5,445.5,783.5,89.0,784.0
1212,494.0,423.0,529.0,420.0,35.0,421.5
1212,567.0,451.0,605.0,450.0,38.0,450.5
1212,497.5,487.5,543.5,486.5,46.0,487.0
1212,383.5,484.5,422.5,481.5,39.0,483.0
1212,598.0,605.0,654.0,603.0,56.0,604.0
1212,1029.5,665.5,1109.0,664.0,79.5,664.75
1224,355.5,371.5,376.0,371.0,20.5,371.25
1224,530.0,436.0,566.5,432.5,36.5,434.25
1224,331.0,438.0,365.0,436.0,34.0,437.0
1224,601.0,469.0,643.5,466.5,42.5,467.75
1224,401.5,509.5,443.0,507.0,41.5,508.25
1224,524.0,514.0,574.5,511.5,50.5,512.75
1224,619.0,656.0,682.0,653.0,63.0,654.5
1224,1158.5,784.5,1266.5,782.5,108.0,783.5
1236,396.0,378.0,416.0,377.0,20.0,377.5
1236,371.0,411.0,402.0,409.0,31.0,410.0
1236,565.0,451.0,606.5,448.5,41.5,449.75
1236,351.0,452.0,389.5,450.5,38.5,451.25
1236,638.0,491.0,683.5,488.5,45.5,489.75
1236,547.0,546.0,603.5,543.5,56.5,544.75
1236,412.0,541.0,461.0,538.0,49.0,539.5
1236,639.5,726.5,715.0,723.0,75.5,724.75
1248,436.0,386.0,457.0,384.0,21.0,385.0
1248,602.5,468.5,646.0,466.0,43.5,467.25
1248,373.0,469.0,412.0,467.0,39.0,468.0
1248,675.0,516.0,725.5,513.5,50.5,514.75
1248,416.0,579.0,470.0,577.0,54.0,578.0
1248,567.5,585.5,633.0,584.0,65.5,584.75
1248,654.5,830.5,751.5,828.5,97.0,829.5
1260,388.0,392.0,412.0,391.0,24.0,391.5
1260,476.0,394.0,498.0,392.0,22.0,393.0
1260,641.5,490.5,689.0,488.0,47.5,489.25
1260,388.0,491.0,432.0,488.0,44.0,489.5
1260,714.0,548.0,771.0,545.0,57.0,546.5
1260,407.0,628.0,471.5,625.5,64.5,626.75
1260,584.0,637.0,659.5,635.5,75.5,636.25
1272,321.5,396.5,345.5,395.5,24.0,396.0
1272,516.0,404.0,540.5,401.5,24.5,402.75
1272,423.0,401.0,447.0,400.0,24.0,400.5
1272,444.0,445.0,479.0,441.0,35.0,443.0
1272,351.0,447.0,386.0,444.0,35.0,445.5
1272,399.5,515.5,448.5,512.5,49.0,514.0
1272,681.5,518.5,734.0,515.0,52.5,516.75
1272,755.5,589.5,820.5,585.5,65.0,587.5
1272,380.5,692.5,459.0,691.0,78.5,691.75
1272,595.5,710.5,686.0,710.0,90.5,710.25
1284,352.0,405.0,376.0,404.0,24.0,404.5
1284,458.0,410.0,483.0,408.0,25.0,409.0
1284,558.5,414.5,583.5,412.5,25.0,413.5
1284,469.0,458.0,506.0,454.0,37.0,456.0
1284,374.0,463.0,411.5,460.5,37.5,461.75
1284,405.5,546.5,458.5,543.5,53.0,545.0
1284,721.5,552.5,783.0,548.0,61.5,550.25
1284,798.0,641.0,874.0,638.0,76.0,639.5
1284,324.0,794.0,421.0,792.0,97.0,793.0
1284,596.5,824.5,712.0,824.0,115.5,824.25
1296,381.0,414.0,406.0,412.0,25.0,413.0
1296,489.5,421.5,518.0,420.0,28.5,420.75
1296,599.0,429.0,628.0,426.0,29.0,427.5
1296,493.0,474.0,533.0,470.0,40.0,472.0
1296,396.0,483.0,436.0,479.0,40.0,481.0
1296,400.5,582.5,462.5,579.5,62.0,581.0
1296,765.5,593.5,837.0,590.0,71.5,591.75
1296,848.5,712.5,936.5,709.5,88.0,711.0
1308,408.5,423.5,436.0,424.0,27.5,423.75
1308,526.0,434.0,553.5,432.5,27.5,433.25
1308,642.5,444.5,673.0,442.0,30.5,443.25
1308,517.5,491.5,562.0,488.0,44.5,489.75
1308,414.5,508.5,459.5,505.5,45.0,507.0
1308,388.5,628.5,458.0,626.0,69.5,627.25
1308,815.0,649.0,898.0,646.0,83.0,647.5
1308,911.0,822.0,1023.5,821.5,112.5,821.75
1320,435.5,436.5,464.5,434.5,29.0,435.5
1320,559.0,448.0,590.5,446.5,31.5,447.25
1320,687.5,462.5,721.0,460.0,33.5,461.25
1320,541.5,513.5,589.0,510.0,47.5,511.75
1320,428.0,539.0,480.5,536.5,52.5,537.75
1320,360.0,690.0,448.0,687.0,88.0,688.5
1320,871.5,725.5,973.5,723.5,102.0,724.5
1332,309.0,391.0,339.0,390.0,30.0,390.5
1332,462.5,450.5,492.5,448.5,30.0,449.5
1332,596.0,465.0,629.5,463.5,33.5,464.25
1332,736.5,484.5,774.0,482.0,37.5,483.25
1332,563.0,539.0,616.5,535.5,53.5,537.25
1332,435.5,577.5,495.0,575.0,59.5,576.25
1344,338.0,399.0,367.0,397.0,29.0,398.0
1344,488.5,467.5,520.5,464.5,32.0,466.0
1344,633.5,485.5,670.5,483.5,37.0,484.5
1344,787.5,510.5,830.5,508.5,43.0,509.5
1344,584.5,570.5,643.0,567.0,58.5,568.75
1344,434.0,627.0,505.0,624.0,71.0,625.5
1356,365.0,408.0,397.0,406.0,32.0,407.0
1356,513.5,485.5,549.0,483.0,35.5,484.25
1356,671.5,509.5,713.5,507.5,42.0,508.5
1356,843.5,545.5,892.5,542.5,49.0,544.0
1356,603.0,609.0,669.0,606.0,66.0,607.5
1356,419.0,692.0,504.0,690.0,85.0,691.0
1368,482.0,416.0,510.0,415.0,28.0,415.5
1368,393.0,415.0,425.5,413.5,32.5,414.25
1368,539.0,509.0,577.5,505.5,38.5,507.25
1368,712.5,539.5,757.5,537.5,45.0,538.5
1368,909.0,590.0,965.0,587.0,56.0,588.5
1368,617.0,657.0,693.0,654.0,76.0,655.5
1368,383.0,794.0,493.0,790.0,110.0,792.0
1380,419.0,427.0,455.0,425.0,36.0,426.0
1380,518.0,429.0,548.0,427.0,30.0,428.0
1380,563.5,536.5,607.0,534.0,43.5,535.25
1380,755.5,576.5,806.0,575.0,50.5,575.75
1380,991.0,651.0,1057.5,648.5,66.5,649.75
1380,624.5,722.5,716.5,720.5,92.0,721.5
1392,446.0,440.0,484.5,436.5,38.5,438.25
1392,553.5,442.5,586.5,441.5,33.0,442.0
1392,357.0,455.0,389.0,453.0,32.0,454.0
1392,583.5,569.5,632.5,566.5,49.0,568.0
1392,803.0,625.0,862.5,623.5,59.5,624.25
1392,1099.5,742.5,1183.5,740.5,84.0,741.5
1392,629.5,820.5,740.0,818.0,110.5,819.25
1404,421.0,383.0,442.0,382.0,21.0,382.5
1404,473.0,453.0,513.5,450.5,40.5,451.75
1404,590.5,460.5,627.0,459.0,36.5,459.75
1404,376.0,470.0,409.0,468.0,33.0,469.0
1404,602.0,611.0,658.5,607.5,56.5,609.25
1404,857.0,693.0,928.5,690.5,71.5,691.75
1416,462.0,391.0,484.0,390.0,22.0,390.5
1416,347.5,408.5,375.0,408.0,27.5,408.25
1416,499.0,470.0,543.5,467.5,44.5,468.75
1416,626.0,481.0,666.0,478.0,40.0,479.5
1416,391.0,487.0,426.5,484.5,35.5,485.75
1416,618.0,664.0,683.5,662.5,65.5,663.25
1416,926.5,792.5,1015.5,792.5,89.0,792.5
1428,504.0,400.0,526.0,399.0,22.0,399.5
1428,375.0,419.0,402.0,417.0,27.0,418.0
1428,525.0,489.0,572.5,486.5,47.5,487.75
1428,663.0,504.0,704.5,502.5,41.5,503.25
1428,402.0,507.0,442.0,505.0,40.0,506.0
1428,629.5,739.5,710.5,739.5,81.0,739.5
1440,545.5,410.5,570.5,409.5,25.0,410.0
1440,403.0,431.0,432.0,428.0,29.0,429.5
1440,550.0,512.0,602.5,509.5,52.5,510.75
1440,409.5,531.5,451.0,529.0,41.5,530.25
1440,696.5,534.5,745.5,531.5,49.0,533.0
1452,589.5,422.5,615.5,421.5,26.0,422.0
1452,430.5,442.5,461.5,440.5,31.0,441.5
1452,574.5,540.5,634.0,538.0,59.5,539.25
1452,413.0,560.0,460.0,557.0,47.0,558.5
1452,737.0,571.0,790.5,568.5,53.5,569.75
1464,632.5,436.5,661.5,435.5,29.0,436.0
1464,457.0,457.0,489.5,454.5,32.5,455.75
1464,598.0,575.0,663.5,572.5,65.5,573.75
1464,410.5,593.5,463.0,592.0,52.5,592.75
1464,777.0,617.0,840.5,615.5,63.5,616.25
1476,460.0,410.0,488.0,408.0,28.0,409.0
1476,315.0,426.0,347.5,423.5,32.5,424.75
1476,678.5,453.5,709.0,452.0,30.5,452.75
1476,483.5,474.5,518.5,471.5,35.0,473.0
1476,616.0,618.0,693.5,615.5,77.5,616.75
1476,402.0,636.0,462.0,634.0,60.0,635.0
1476,822.5,679.5,896.5,677.5,74.0,678.5
1488,499.0,423.0,529.0,421.0,30.0,422.0
1488,337.0,438.0,370.0,436.0,33.0,437.0
1488,725.0,474.0,758.5,472.5,33.5,473.25
1488,508.0,494.0,546.5,491.5,38.5,492.75
1488,635.0,674.0,723.5,672.5,88.5,673.25
1488,383.0,687.0,451.5,685.5,68.5,686.25
1488,873.5,766.5,963.5,766.5,90.0,766.5
1500,538.5,438.5,571.0,436.0,32.5,437.25
1500,356.0,452.0,391.0,450.0,35.0,451.0
1500,773.5,499.5,810.0,497.0,36.5,498.25
1500,532.0,518.0,575.0,515.0,43.0,516.5
1500,651.5,756.5,759.5,754.5,108.0,755.5
1500,344.5,762.5,428.0,759.0,83.5,760.75
1512,544.0,409.0,572.0,407.0,28.0,408.0
1512,576.0,455.0,610.0,454.0,34.0,454.5
1512,371.5,466.5,411.5,463.5,40.0,465.0
1512,821.5,526.5,863.5,524.5,42.0,525.5
1512,555.0,545.0,600.0,542.0,45.0,543.5
1512,433.5,616.5,494.0,614.0,60.5,615.25
1524,591.0,421.0,622.0,419.0,31.0,420.0
1524,313.0,429.0,342.0,429.0,29.0,429.0
1524,617.0,477.0,655.5,475.5,38.5,476.25
1524,387.0,484.0,429.5,481.5,42.5,482.75
1524,880.0,565.0,928.0,563.0,48.0,564.0
1524,577.5,579.5,628.5,577.5,51.0,578.5
1524,423.5,661.5,491.0,659.0,67.5,660.25
1536,442.0,405.0,464.0,404.0,22.0,404.5
1536,417.0,426.0,446.0,424.0,29.0,425.0
1536,639.0,436.0,671.5,433.5,32.5,434.75
1536,332.0,442.0,363.0,441.0,31.0,441.5
1536,660.0,504.0,703.5,501.5,43.5,502.75
1536,401.5,505.5,447.0,503.0,45.5,504.25
1536,948.0,616.0,1003.0,613.0,55.0,614.5
1536,598.5,623.5,659.0,621.0,60.5,622.25
1536,400.0,724.0,480.0,722.0,80.0,723.0
1548,310.0,423.0,341.0,420.0,31.0,421.5
1548,444.0,439.0,476.0,437.0,32.0,438.0
1548,689.0,454.0,725.0,451.0,36.0,452.5
1548,352.0,458.0,384.0,455.0,32.0,456.5
1548,411.5,531.5,463.0,529.0,51.5,530.25
1548,707.0,538.0,756.0,535.0,49.0,536.5
1548,621.0,680.0,691.0,679.0,70.0,679.5
1548,1035.0,686.0,1102.5,683.5,67.5,684.75
1560,523.0,431.0,548.0,429.0,25.0,430.0
1560,330.0,434.0,367.0,432.0,37.0,433.0
1560,472.5,453.5,506.5,450.5,34.0,452.0
1560,368.0,473.0,402.0,471.0,34.0,472.0
1560,740.5,474.5,780.5,473.5,40.0,474.0
1560,417.5,563.5,473.5,561.5,56.0,562.5
1560,758.0,583.0,814.5,579.5,56.5,581.25
1560,638.0,762.0,723.0,760.0,85.0,761.0
1560,1159.5,794.5,1246.0,793.0,86.5,793.75
1572,562.5,446.5,591.0,444.0,28.5,445.25
1572,349.5,447.5,387.5,444.5,38.0,446.0
1572,498.0,471.0,537.0,467.0,39.0,469.0
1572,381.0,492.0,418.0,490.0,37.0,491.0
1572,797.0,501.0,841.0,499.0,44.0,500.0
1572,416.5,602.5,481.5,599.5,65.0,601.0
1572,812.5,641.5,880.5,638.5,68.0,640.0
1584,466.0,413.0,498.5,411.5,32.5,412.25
1584,368.0,462.0,408.0,459.0,40.0,460.5
1584,605.0,466.0,635.0,463.0,30.0,464.5
1584,526.5,491.5,567.0,487.0,40.5,489.25
1584,389.0,515.0,429.5,512.5,40.5,513.75
1584,856.5,533.5,908.0,532.0,51.5,532.75
1584,409.5,649.5,485.0,647.0,75.5,648.25
1584,876.5,728.5,962.5,724.5,86.0,726.5
1596,500.5,425.5,535.0,423.0,34.5,424.25
1596,384.0,479.0,428.0,476.0,44.0,477.5
1596,646.0,488.0,681.5,486.5,35.5,487.25
1596,551.5,515.5,597.5,512.5,46.0,514.0
1596,394.0,542.0,437.5,539.5,43.5,540.75
1596,926.0,578.0,984.5,575.5,58.5,576.75
1596,387.5,714.5,478.0,712.0,90.5,713.25
1608,511.0,401.0,539.0,399.0,28.0,400.0
1608,535.5,438.5,573.5,435.5,38.0,437.0
1608,395.5,499.5,444.5,496.5,49.0,498.0
1608,690.0,517.0,729.0,514.0,39.0,515.5
1608,577.0,545.0,629.5,542.5,52.5,543.75
1608,393.0,575.0,443.5,572.5,50.5,573.75
1608,1007.5,637.5,1078.5,634.5,71.0,636.0
1608,342.0,811.0,455.0,809.0,113.0,810.0
1620,384.0,387.0,416.0,386.0,32.0,386.5
1620,555.0,412.0,583.5,410.5,28.5,411.25
1620,571.5,454.5,612.0,452.0,40.5,453.25
1620,404.5,525.5,458.0,521.0,53.5,523.25
1620,737.5,552.5,781.5,550.5,44.0,551.5
1620,601.0,582.0,659.0,579.0,58.0,580.5
1620,391.5,613.5,447.0,611.0,55.5,612.25
1620,1116.5,725.5,1205.5,723.5,89.0,724.5
1632,423.0,396.0,454.0,395.0,31.0,395.5
1632,596.0,425.0,628.0,423.0,32.0,424.0
1632,608.0,473.0,652.5,470.5,44.5,471.75
1632,409.5,555.5,468.0,551.0,58.5,553.25
1632,788.0,600.0,840.0,597.0,52.0,598.5
1632,623.5,629.5,690.0,626.0,66.5,627.75
1632,380.5,661.5,447.0,659.0,66.5,660.25
1644,458.5,405.5,491.0,404.0,32.5,404.75
1644,640.0,439.0,673.0,437.0,33.0,438.0
1644,648.0,495.0,694.5,492.5,46.5,493.75
1644,409.5,591.5,476.5,587.5,67.0,589.5
1644,845.5,663.5,908.5,659.5,63.0,661.5
1644,641.5,691.5,721.5,689.5,80.0,690.5
1644,353.5,727.5,435.0,723.0,81.5,725.25
1656,494.5,418.5,530.5,415.5,36.0,417.0
1656,310.0,429.0,341.0,427.0,31.0,428.0
1656,683.5,456.5,720.0,455.0,36.5,455.75
1656,688.5,521.5,741.0,520.0,52.5,520.75
1656,400.0,636.0,476.0,633.0,76.0,634.5
1656,918.0,758.0,997.0,756.0,79.0,757.0
1656,656.0,784.0,754.0,781.0,98.0,782.5
1656,304.0,823.0,403.0,821.0,99.0,822.0
1668,531.0,432.0,570.0,429.0,39.0,430.5
1668,334.0,441.0,367.0,439.0,33.0,440.0
1668,731.0,478.0,772.0,476.0,41.0,477.0
1668,731.5,556.5,792.5,553.5,61.0,555.0
1668,375.5,694.5,466.0,693.0,90.5,693.75
1680,567.0,448.0,609.0,445.0,42.0,446.5
1680,354.0,456.0,389.0,453.0,35.0,454.5
1680,782.0,504.0,827.5,501.5,45.5,502.75
1680,781.0,601.0,849.5,597.5,68.5,599.25
1680,327.5,781.5,433.0,780.0,105.5,780.75
1692,602.0,468.0,648.5,464.5,46.5,466.25
1692,840.0,536.0,891.5,534.5,51.5,535.25
1692,837.5,658.5,918.5,656.5,81.0,657.5
1704,466.0,414.0,491.0,411.0,25.0,412.5
1704,310.0,421.0,341.0,420.0,31.0,420.5
1704,634.5,490.5,686.0,486.0,51.5,488.25
1704,905.0,579.0,965.0,576.0,60.0,577.5
1704,906.0,745.0,1006.0,742.0,100.0,743.5
1716,501.0,424.0,529.0,423.0,28.0,423.5
1716,334.5,433.5,367.0,432.0,32.5,432.75
1716,662.0,519.0,722.0,514.0,60.0,516.5
1716,985.0,637.0,1056.5,633.5,71.5,635.25
1728,307.0,394.0,329.0,394.0,22.0,394.0
1728,538.5,436.5,568.0,436.0,29.5,436.25
1728,416.0,433.0,448.0,431.0,32.0,432.0
1728,357.5,447.5,393.0,445.0,35.5,446.25
1728,690.5,552.5,756.0,549.0,65.5,550.75
1728,1090.5,720.5,1180.0,719.0,89.5,719.75
1740,336.0,401.0,358.5,400.5,22.5,400.75
1740,575.0,453.0,607.0,452.0,32.0,452.5
1740,380.5,463.5,416.5,460.5,36.0,462.0
1740,714.5,599.5,791.0,593.0,76.5,596.25
1752,467.0,391.0,492.0,389.0,25.0,390.0
1752,365.0,411.0,389.0,409.0,24.0,410.0
1752,465.5,459.5,498.0,457.0,32.5,458.25
1752,611.0,471.0,647.0,469.0,36.0,470.0
1752,398.5,481.5,438.5,479.5,40.0,480.5
1752,425.0,623.0,488.0,619.0,63.0,621.0
1752,738.0,656.0,826.0,653.0,88.0,654.5
1764,513.0,400.0,538.0,399.0,25.0,399.5
1764,395.0,420.0,420.0,418.0,25.0,419.0
1764,547.0,441.0,586.0,440.0,39.0,440.5
1764,489.0,476.0,526.5,474.5,37.5,475.25
1764,650.0,493.0,689.0,491.0,39.0,492.0
1764,414.0,505.0,458.0,502.0,44.0,503.5
1764,414.5,679.5,488.5,677.5,74.0,678.5
1776,330.0,400.0,363.5,396.5,33.5,398.25
1776,558.0,412.0,586.5,410.5,28.5,411.25
1776,424.0,431.0,450.5,430.5,26.5,430.75
1776,583.0,457.0,625.0,455.0,42.0,456.0
1776,512.0,496.0,553.0,494.0,41.0,495.0
1776,690.0,520.0,733.0,518.0,43.0,519.0
1776,420.5,531.5,470.5,529.5,50.0,530.5
1776,385.5,763.5,480.5,761.5,95.0,762.5
1788,359.5,406.5,394.0,406.0,34.5,406.25
1788,606.5,425.5,636.5,424.5,30.0,425.0
1788,450.5,444.5,479.0,444.0,28.5,444.25
1788,620.0,476.0,666.0,473.0,46.0,474.5
1788,531.0,518.0,575.5,516.5,44.5,517.25
1788,731.0,553.0,779.5,550.5,48.5,551.75
1788,422.5,565.5,478.0,563.0,55.5,564.25
1800,388.5,416.5,426.0,414.0,37.5,415.25
1800,321.5,433.5,351.5,432.5,30.0,433.0
1800,655.0,442.0,688.5,441.5,33.5,441.75
1800,478.0,460.0,509.5,458.5,31.5,459.25
1800,658.0,499.0,708.0,496.0,50.0,497.5
1800,546.0,546.0,596.0,544.0,50.0,545.0
1800,775.5,594.5,831.0,592.0,55.5,593.25
1800,415.0,607.0,479.0,604.0,64.0,605.5
1812,416.0,427.0,455.0,425.0,39.0,426.0
1812,343.5,448.5,374.5,445.5,31.0,447.0
1812,707.0,461.0,743.5,459.5,36.5,460.25
1812,504.0,478.0,538.0,476.0,34.0,477.0
1812,697.0,526.0,752.5,522.5,55.5,524.25
1812,554.5,579.5,609.5,578.5,55.0,579.0
1812,825.0,650.0,891.5,647.5,66.5,648.75
1812,397.0,658.0,472.0,655.0,75.0,656.5
1824,444.0,439.0,484.0,437.0,40.0,438.0
1824,362.0,465.0,396.0,461.0,34.0,463.0
1824,762.0,484.0,803.0,483.0,41.0,483.5
1824,528.0,499.0,564.5,497.5,36.5,498.25
1824,738.5,559.5,800.0,557.0,61.5,558.25
1824,552.5,619.5,614.5,618.5,62.0,619.0
1824,882.5,728.5,964.5,727.5,82.0,728.0
1824,359.5,731.5,454.5,726.5,95.0,729.0
1836,377.0,484.0,415.0,481.0,38.0,482.5
1836,823.0,515.0,869.0,513.0,46.0,514.0
1836,551.0,525.0,591.5,523.5,40.5,524.25
1836,785.0,603.0,853.0,600.0,68.0,601.5
1836,536.5,670.5,609.0,670.0,72.5,670.25
1848,307.0,431.0,334.0,430.0,27.0,430.5
1848,414.0,436.0,445.5,434.5,31.5,435.25
1848,496.0,470.0,543.0,467.0,47.0,468.5
1848,388.5,506.5,431.0,504.0,42.5,505.25
1848,892.5,553.5,944.0,552.0,51.5,552.75
1848,572.5,556.5,617.5,554.5,45.0,555.5
1848,834.5,658.5,918.5,656.5,84.0,657.5
1848,503.0,741.0,589.5,740.5,86.5,740.75
1860,441.0,449.0,474.5,447.5,33.5,448.25
1860,330.0,445.0,358.0,442.0,28.0,443.5
1860,521.5,488.5,573.0,487.0,51.5,487.75
1860,394.0,532.0,441.5,530.5,47.5,531.25
1860,592.0,596.0,644.0,594.0,52.0,595.0
1860,969.5,604.5,1032.5,603.5,63.0,604.0
1860,897.5,740.5,996.5,738.5,99.0,739.5
1872,349.5,459.5,380.5,457.5,31.0,458.5
1872,469.0,465.0,506.0,463.0,37.0,464.0
1872,544.5,512.5,601.5,509.5,57.0,511.0
1872,395.0,567.0,447.5,564.5,52.5,565.75
1872,608.5,644.5,669.0,642.0,60.5,643.25
1872,1070.0,679.0,1146.0,677.0,76.0,678.0
1884,368.5,477.5,401.0,475.0,32.5,476.25
1884,565.5,541.5,628.0,539.0,62.5,540.25
1884,387.0,608.0,447.5,605.5,60.5,606.75
1884,622.5,712.5,694.0,711.0,71.5,711.75
1884,1212.0,794.0,1311.0,794.0,99.0,794.0
1896,394.0,395.0,416.0,393.0,22.0,394.0
1896,315.0,429.0,343.0,429.0,28.0,429.0
1896,383.5,498.5,420.0,495.0,36.5,496.75
1896,673.0,512.0,720.5,509.5,47.5,510.75
1896,582.0,575.0,653.5,572.5,71.5,573.75
1896,366.5,660.5,437.0,657.0,70.5,658.75
1896,628.0,816.0,717.0,815.0,89.0,815.5
1908,395.0,522.0,434.5,519.5,39.5,520.75
1908,712.5,543.5,767.0,540.0,54.5,541.75
1908,595.0,618.0,676.5,615.5,81.5,616.75
1908,331.0,736.0,417.5,720.5,86.5,728.25
1920,403.0,399.0,428.0,398.0,25.0,398.5
1920,400.5,553.5,445.5,550.5,45.0,552.0
1920,756.0,583.0,818.5,580.5,62.5,581.75
1920,606.5,672.5,701.0,670.0,94.5,671.25
1920,265.5,833.5,373.5,829.5,108.0,831.5
1932,328.0,401.0,349.0,399.0,21.0,400.0
1932,494.0,423.0,519.0,421.0,25.0,422.0
1932,452.0,443.0,484.0,442.0,32.0,442.5
1932,337.5,446.5,371.0,445.0,33.5,445.75
1932,375.0,474.0,411.0,472.0,36.0,473.0
1932,401.5,589.5,451.5,586.5,50.0,588.0
1932,805.0,637.0,877.5,633.5,72.5,635.25
1932,612.0,749.0,727.0,748.0,115.0,748.5
1944,391.0,398.0,421.0,395.0,30.0,396.5
1944,358.0,408.0,382.0,406.0,24.0,407.0
1944,528.0,435.0,554.0,433.0,26.0,434.0
1944,475.0,457.0,511.0,456.0,36.0,456.5
1944,358.5,460.5,393.0,458.0,34.5,459.25
1944,390.0,493.0,429.0,491.0,39.0,492.0
1944,394.0,634.0,452.0,632.0,58.0,633.0
1944,863.5,710.5,951.0,708.0,87.5,709.25
1956,431.0,403.0,458.5,402.5,27.5,402.75
1956,388.0,418.0,415.0,416.0,27.0,417.0
1956,563.0,448.0,590.5,448.5,27.5,448.25
1956,500.0,474.0,538.0,472.0,38.0,473.0
1956,377.0,479.0,414.0,476.0,37.0,477.5
1956,402.0,516.0,444.0,513.0,42.0,514.5
1956,372.0,694.0,441.5,690.5,69.5,692.25
1956,937.0,822.0,1049.0,820.0,112.0,821.0
1968,419.0,430.0,447.0,429.0,28.0,429.5
1968,682.0,450.0,718.0,448.0,36.0,449.0
1968,599.0,464.0,629.5,463.5,30.5,463.75
1968,523.5,492.5,565.0,491.0,41.5,491.75
1968,390.5,498.5,432.5,497.5,42.0,498.0
1968,410.5,543.5,456.0,542.0,45.5,542.75
1968,322.0,780.0,406.5,778.5,84.5,779.25
1968,631.5,806.5,730.5,804.5,99.0,805.5
1980,499.0,424.0,530.5,423.5,31.5,423.75
1980,448.0,445.0,477.5,441.5,29.5,443.25
1980,733.5,470.5,772.5,468.5,39.0,469.5
1980,636.0,485.0,668.0,483.0,32.0,484.0
1980,546.0,516.0,591.5,514.5,45.5,515.25
1980,402.5,523.5,448.5,523.5,46.0,523.5
1980,411.0,577.0,461.0,575.0,50.0,576.0
1992,309.0,433.0,338.0,430.0,29.0,431.5
1992,533.5,437.5,567.0,436.0,33.5,436.75
1992,476.5,460.5,507.0,458.0,30.5,459.25
1992,641.0,476.0,678.0,475.0,37.0,475.5
1992,788.5,495.5,833.5,493.5,45.0,494.5
1992,674.0,508.0,709.0,506.0,35.0,507.0
1992,565.5,544.5,614.5,540.5,49.0,542.5
1992,411.5,551.5,462.5,549.5,51.0,550.5
1992,403.0,617.0,460.5,615.5,57.5,616.25
2004,332.5,445.5,364.5,443.5,32.0,444.5
2004,568.0,451.0,605.5,450.5,37.5,450.75
2004,503.5,478.5,536.5,477.5,33.0,478.0
2004,694.0,497.0,735.0,497.0,41.0,497.0
2004,849.5,528.5,899.5,525.5,50.0,527.0
2004,713.0,537.0,754.0,536.0,41.0,536.5
2004,582.5,576.5,637.5,573.5,55.0,575.0
2004,415.5,586.5,470.5,583.5,55.0,585.0
2004,383.0,667.0,450.5,665.5,67.5,666.25
2016,354.5,459.5,388.5,458.5,34.0,459.0
2016,604.5,468.5,645.0,468.0,40.5,468.25
2016,529.5,502.5,567.0,499.0,37.5,500.75
2016,754.0,526.0,799.5,524.5,45.5,525.25
2016,917.0,570.0,977.0,568.0,60.0,569.0
2016,756.0,574.0,801.5,571.5,45.5,572.75
2016,598.0,617.0,663.5,614.5,65.5,615.75
2016,412.0,628.0,473.5,624.5,61.5,626.25
2016,342.0,736.0,428.5,731.5,86.5,733.75
2028,375.5,476.5,413.0,474.0,37.5,475.25
2028,640.5,488.5,684.0,489.0,43.5,488.75
2028,555.5,529.5,596.0,527.0,40.5,528.25
2028,819.5,559.5,871.5,558.5,52.0,559.0
2028,803.5,621.5,855.5,618.5,52.0,620.0
2028,997.5,628.5,1068.0,626.0,70.5,627.25
2028,612.5,670.5,688.5,667.5,76.0,669.0
2028,396.5,679.5,469.5,677.5,73.0,678.5
2028,275.5,836.5,378.5,835.5,103.0,836.0
2040,508.0,479.0,546.5,476.5,38.5,477.75
2040,396.0,496.0,435.5,492.5,39.5,494.25
2040,678.0,514.0,727.0,514.0,49.0,514.0
2040,578.0,565.0,627.0,560.0,49.0,562.5
2040,897.5,602.5,955.5,601.5,58.0,602.0
2040,861.5,683.5,924.0,682.0,62.5,682.75
2040,1101.0,712.0,1190.5,710.5,89.5,711.25
2040,623.0,743.0,714.0,741.0,91.0,742.0
2040,362.5,754.5,450.5,750.5,88.0,752.5
2052,717.5,545.5,771.0,546.0,53.5,545.75
2052,600.5,608.5,656.0,604.0,55.5,606.25
2052,991.5,661.5,1061.0,659.0,69.5,660.25
2052,932.5,776.5,1010.0,775.0,77.5,775.75
2064,561.0,531.0,607.5,527.5,46.5,529.25
2064,421.0,545.0,472.5,542.5,51.5,543.75
2064,761.5,587.5,822.5,587.5,61.0,587.5
2064,624.5,665.5,690.0,662.0,65.5,663.75
2064,1114.0,749.0,1200.5,748.5,86.5,748.75
2076,436.0,442.0,474.0,439.0,38.0,440.5
2076,620.0,473.0,654.0,471.0,34.0,472.0
2076,585.0,565.0,637.0,563.0,52.0,564.0
2076,426.0,580.0,483.0,575.0,57.0,577.5
2076,810.0,641.0,881.5,640.5,71.5,640.75
2076,652.0,750.0,733.0,748.0,81.0,749.0
2088,592.5,425.5,622.5,424.5,30.0,425.0
2088,463.0,457.0,503.0,454.0,40.0,455.5
2088,658.0,494.0,694.0,492.0,36.0,493.0
2088,604.0,609.0,665.5,606.5,61.5,607.75
2088,868.0,717.0,955.5,715.5,87.5,716.25
2100,421.5,401.5,448.0,399.0,26.5,400.25
2100,638.0,442.0,670.5,440.5,32.5,441.25
2100,515.5,437.5,543.5,435.5,28.0,436.5
2100,488.5,474.5,532.0,472.0,43.5,473.25
2100,697.5,519.5,735.0,518.0,37.5,518.75
2100,621.5,666.5,694.0,665.0,72.5,665.75
2100,410.5,672.5,483.5,668.5,73.0,670.5
2100,942.5,831.5,1051.0,832.0,108.5,831.75
2112,456.5,410.5,484.5,408.5,28.0,409.5
2112,402.0,418.0,433.0,417.0,31.0,417.5
2112,545.5,451.5,576.0,450.0,30.5,450.75
2112,683.5,461.5,720.5,459.5,37.0,460.5
2112,512.0,496.0,560.0,493.0,48.0,494.5
2112,735.5,551.5,778.5,549.5,43.0,550.5
2112,636.0,750.0,725.5,748.5,89.5,749.25
2124,490.5,420.5,520.0,419.0,29.5,419.75
2124,431.0,430.0,464.0,429.0,33.0,429.5
2124,578.5,467.5,611.0,465.0,32.5,466.25
2124,734.0,484.0,774.0,482.0,40.0,483.0
2124,533.5,521.5,586.5,518.5,53.0,520.0
2124,777.0,592.0,828.5,589.5,51.5,590.75
2124,340.5,835.5,441.0,834.0,100.5,834.75
2136,525.0,433.0,557.0,431.0,32.0,432.0
2136,458.0,445.0,495.0,443.0,37.0,444.0
2136,611.5,485.5,647.5,483.5,36.0,484.5
2136,787.0,511.0,833.0,509.0,46.0,510.0
2136,551.5,554.5,611.0,550.0,59.5,552.25
2136,824.5,642.5,882.0,641.0,57.5,641.75
2148,318.0,432.0,351.0,429.0,33.0,430.5
2148,559.0,447.0,593.5,443.5,34.5,445.25
2148,486.5,460.5,524.5,458.5,38.0,459.5
2148,648.5,508.5,685.5,505.5,37.0,507.0
2148,849.5,548.5,901.0,546.0,51.5,547.25
2148,566.5,592.5,636.5,590.5,70.0,591.5
2148,878.5,713.5,952.5,712.5,74.0,713.0
2160,338.5,443.5,372.5,443.5,34.0,443.5
2160,594.0,462.0,631.0,460.0,37.0,461.0
2160,374.0,474.0,407.0,471.0,33.0,472.5
2160,511.5,479.5,553.5,476.5,42.0,478.0
2160,684.5,534.5,726.5,532.5,42.0,533.5
2160,919.5,596.5,980.5,593.5,61.0,595.0
2160,581.0,642.0,660.0,639.0,79.0,640.5
2160,945.5,819.5,1034.5,818.5,89.0,819.0
2172,340.0,400.0,368.0,399.0,28.0,399.5
2172,358.0,457.0,392.0,456.0,34.0,456.5
2172,629.5,480.5,669.0,478.0,39.5,479.25
2172,533.5,502.5,581.0,499.0,47.5,500.75
2172,724.0,569.0,772.0,565.0,48.0,567.0
2172,1010.0,663.0,1083.0,661.0,73.0,662.0
2172,590.0,710.0,687.0,708.0,97.0,709.0
2184,378.0,412.0,406.0,411.0,28.0,411.5
2184,656.0,442.0,690.5,441.5,34.5,441.75
2184,371.5,471.5,410.0,470.0,38.5,470.75
2184,664.5,502.5,708.5,499.5,44.0,501.0
2184,398.0,513.0,437.0,510.0,39.0,511.5
2184,557.0,527.0,608.0,525.0,51.0,526.0
2184,765.0,610.0,819.5,607.5,54.5,608.75
2184,1132.0,766.0,1224.0,765.0,92.0,765.5
2184,595.5,815.5,715.0,813.0,119.5,814.25
2196,413.0,427.0,443.5,424.5,30.5,425.75
2196,707.0,463.0,746.5,461.5,39.5,462.25
2196,385.0,489.0,425.0,487.0,40.0,488.0
2196,701.0,529.0,750.0,526.0,49.0,527.5
2196,406.5,537.5,449.0,535.0,42.5,536.25
2196,577.5,559.5,635.5,556.5,58.0,558.0
2196,808.5,664.5,872.5,662.5,64.0,663.5
2208,448.0,443.0,481.5,441.5,33.5,442.25
2208,761.0,486.0,804.5,485.5,43.5,485.75
2208,395.0,510.0,439.0,507.0,44.0,508.5
2208,738.5,562.5,793.5,559.5,55.0,561.0
2208,412.0,565.0,458.5,563.5,46.5,564.25
2208,597.0,598.0,663.0,595.0,66.0,596.5
2208,859.5,741.5,936.5,739.5,77.0,740.5
2220,302.5,430.5,327.0,429.0,24.5,429.75
2220,484.0,464.0,519.0,462.0,35.0,463.0
2220,822.0,518.0,870.5,515.5,48.5,516.75
2220,400.5,533.5,448.5,531.5,48.0,532.5
2220,412.5,601.5,465.0,599.0,52.5,600.25
2220,777.5,603.5,840.0,600.0,62.5,601.75
2220,616.0,648.0,694.0,646.0,78.0,647.0
2232,325.5,442.5,350.5,440.5,25.0,441.5
2232,513.0,489.0,555.5,485.5,42.5,487.25
2232,892.0,557.0,947.0,555.0,55.0,556.0
2232,401.0,563.0,454.0,560.0,53.0,561.5
2232,408.0,643.0,465.5,640.5,57.5,641.75
2232,819.0,658.0,891.5,653.5,72.5,655.75
2232,631.0,718.0,723.5,715.5,92.5,716.75
2244,392.5,417.5,417.0,415.0,24.5,416.25
2244,345.5,456.5,373.0,454.0,27.5,455.25
2244,543.0,520.0,592.0,518.0,49.0,519.0
2244,396.0,598.0,455.5,593.5,59.5,595.75
2244,973.5,610.5,1041.0,608.0,67.5,609.25
2244,391.0,698.0,459.5,695.5,68.5,696.75
2244,866.5,731.5,955.5,728.5,89.0,730.0
2244,644.0,826.0,760.0,823.0,116.0,824.5
2256,486.0,414.0,516.0,414.0,30.0,414.0
2256,425.5,430.5,453.5,428.5,28.0,429.5
2256,365.0,472.0,394.0,470.0,29.0,471.0
2256,734.5,559.5,794.5,554.5,60.0,557.0
2256,570.5,561.5,627.0,558.0,56.5,559.75
2256,386.0,638.0,454.0,636.0,68.0,637.0
2256,1082.0,686.0,1165.0,686.0,83.0,686.0
2256,358.0,775.0,444.0,770.0,86.0,772.5
2256,930.5,839.5,1042.0,837.0,111.5,838.25
2268,536.0,433.0,569.0,432.0,33.0,432.5
2268,456.5,446.5,488.0,445.0,31.5,445.75
2268,381.5,490.5,412.5,487.5,31.0,489.0
2268,776.0,594.0,849.0,601.0,73.0,597.5
2268,594.0,613.0,660.0,611.0,66.0,612.0
2268,777.5,618.5,851.0,616.0,73.5,617.25
2268,362.5,691.5,443.5,687.5,81.0,689.5
2268,1240.5,808.5,1349.0,810.0,108.5,809.25
2280,586.0,455.0,623.0,453.0,37.0,454.0
2280,486.0,466.0,522.5,464.5,36.5,465.25
2280,397.5,512.5,432.5,509.5,35.0,511.0
2280,827.0,665.0,913.5,660.5,86.5,662.75
2280,829.5,681.5,915.5,677.5,86.0,679.5
2280,611.5,685.5,692.0,683.0,80.5,684.25
2280,324.5,764.5,419.0,764.0,94.5,764.25
2292,636.0,481.0,677.0,479.0,41.0,480.0
2292,516.0,490.0,555.0,488.0,39.0,489.0
2292,407.5,539.5,446.5,535.5,39.0,537.5
2292,891.0,770.0,998.0,767.0,107.0,768.5
2292,622.0,800.0,726.5,797.5,104.5,798.75
2304,341.0,385.0,366.0,385.0,25.0,385.0
2304,687.5,515.5,734.5,513.5,47.0,514.5
2304,542.0,518.0,586.0,517.0,44.0,517.5
2304,414.5,570.5,458.0,567.0,43.5,568.75
2316,384.0,395.0,410.0,393.0,26.0,394.0
2316,568.0,555.0,617.5,552.5,49.5,553.75
2316,740.5,560.5,796.0,558.0,55.5,559.25
2316,415.0,608.0,463.5,605.5,48.5,606.75
2328,426.5,404.5,454.0,404.0,27.5,404.25
2328,593.0,601.0,651.0,599.0,58.0,600.0
2328,800.5,623.5,870.0,622.0,69.5,622.75
2328,405.5,654.5,461.0,652.0,55.5,653.25
2340,471.0,418.0,499.5,416.5,28.5,417.25
2340,615.0,662.0,683.5,660.5,68.5,661.25
2340,876.5,717.5,965.5,715.5,89.0,716.5
2340,378.5,718.5,447.5,714.5,69.0,716.5
2352,514.0,432.0,546.0,431.0,32.0,431.5
2352,632.5,753.5,719.0,752.0,86.5,752.75
2352,330.0,811.0,412.5,809.5,82.5,810.25
2364,559.0,451.0,593.5,448.5,34.5,449.75
2376,603.5,472.5,641.5,469.5,38.0,471.0
2388,378.0,393.0,400.0,391.0,22.0,392.0
2388,646.5,499.5,690.0,496.0,43.5,497.75
2400,421.0,403.0,444.0,402.0,23.0,402.5
2400,690.0,534.0,741.5,531.5,51.5,532.75
2412,462.0,414.0,488.0,413.0,26.0,413.5
2412,735.5,579.5,794.0,577.0,58.5,578.25
2424,503.5,427.5,530.5,426.5,27.0,427.0
2424,786.5,641.5,857.0,637.0,70.5,639.25
2436,542.5,444.5,573.0,442.0,30.5,443.25
2436,853.0,732.0,940.0,729.0,87.0,730.5
2448,583.0,463.0,615.0,462.0,32.0,462.5
2460,306.0,396.0,330.0,395.0,24.0,395.5
2460,387.5,477.5,420.0,476.0,32.5,476.75
2460,624.5,487.5,661.0,484.0,36.5,485.75
2472,341.0,405.0,365.5,403.5,24.5,404.25
2472,406.0,500.0,442.5,497.5,36.5,498.75
2472,668.0,516.0,708.5,514.5,40.5,515.25
2484,375.0,414.0,402.0,413.0,27.0,413.5
2484,418.0,527.0,459.0,523.0,41.0,525.0
2484,715.5,552.5,761.0,550.0,45.5,551.25
2496,409.5,425.5,438.5,425.5,29.0,425.5
2496,424.0,560.0,470.0,557.0,46.0,558.5
2496,767.0,601.0,821.5,598.5,54.5,599.75
2508,438.0,439.0,468.0,438.0,30.0,438.5
2508,422.5,597.5,474.0,594.0,51.5,595.75
2508,822.5,659.5,886.0,658.0,63.5,658.75
2520,466.0,455.0,499.5,453.5,33.5,454.25
2520,413.5,646.5,471.5,643.5,58.0,645.0
2520,894.5,755.5,975.0,755.0,80.5,755.25
2532,492.5,473.5,529.0,473.0,36.5,473.25
2532,388.0,712.0,460.0,709.0,72.0,710.5
2544,518.0,497.0,557.5,496.5,39.5,496.75
2544,341.5,812.5,428.5,811.5,87.0,812.0
2556,540.5,526.5,586.0,524.0,45.5,525.25
2568,562.0,562.0,612.0,559.0,50.0,560.5
2580,580.5,607.5,639.0,605.0,58.5,606.25
2592,388.5,422.5,423.5,421.5,35.0,422.0
2592,638.5,441.5,670.0,441.0,31.5,441.25
2592,593.5,666.5,663.5,663.5,70.0,665.0
2604,422.0,437.0,457.5,434.5,35.5,435.75
2604,688.0,461.0,723.0,460.0,35.0,460.5
2604,602.5,752.5,687.5,750.5,85.0,751.5
2616,331.0,432.0,357.5,430.5,26.5,431.25
2616,450.5,452.5,489.5,449.5,39.0,451.0
2616,738.5,484.5,777.0,483.0,38.5,483.75
2628,363.0,447.0,391.0,446.0,28.0,446.5
2628,480.5,470.5,523.0,467.0,42.5,468.75
2628,791.0,513.0,836.0,511.0,45.0,512.0
2640,392.5,465.5,424.0,464.0,31.5,464.75
2640,512.0,493.0,558.0,490.0,46.0,491.5
2640,850.5,549.5,900.5,547.5,50.0,548.5
2652,317.5,425.5,355.0,425.0,37.5,425.25
2652,419.0,487.0,453.5,485.5,34.5,486.25
2652,539.0,520.0,590.5,516.5,51.5,518.25
2652,918.0,598.0,976.0,596.0,58.0,597.0
2664,338.0,368.0,364.0,364.0,26.0,366.0
2664,528.0,404.0,552.0,403.0,24.0,403.5
2664,539.0,435.0,573.0,434.0,34.0,434.5
2664,341.0,439.0,381.0,437.0,40.0,438.0
2664,439.5,514.5,477.5,513.5,38.0,514.0
2664,562.0,554.0,619.5,551.5,57.5,552.75
2664,1001.5,664.5,1071.5,663.5,70.0,664.0
2676,375.0,373.0,402.0,371.0,27.0,372.0
2676,568.5,414.5,594.0,413.0,25.5,413.75
2676,472.0,421.0,503.0,419.0,31.0,420.0
2676,363.0,452.0,405.0,450.0,42.0,451.0
2676,580.0,452.0,618.0,450.0,38.0,451.0
2676,451.5,550.5,495.5,549.5,44.0,550.0
2676,580.5,597.5,647.0,596.0,66.5,596.75
2676,1113.5,766.5,1204.0,767.0,90.5,766.75
2688,410.0,379.0,439.0,377.0,29.0,378.0
2688,609.0,427.0,636.0,424.0,27.0,425.5
2688,514.0,435.0,544.0,432.0,30.0,433.5
2688,381.5,467.5,428.0,466.0,46.5,466.75
2688,622.5,472.5,664.0,470.0,41.5,471.25
2688,451.0,597.0,502.0,595.0,51.0,596.0
2688,593.0,654.0,672.5,651.5,79.5,652.75
2700,444.5,388.5,475.5,385.5,31.0,387.0
2700,313.0,420.0,350.0,419.0,37.0,419.5
2700,650.5,440.5,682.0,438.0,31.5,439.25
2700,397.5,486.5,446.0,484.0,48.5,485.25
2700,666.5,497.5,713.0,495.0,46.5,496.25
2700,436.5,656.5,497.0,654.0,60.5,655.25
2700,601.5,737.5,699.0,735.0,97.5,736.25
2712,478.0,397.0,510.0,395.0,32.0,396.0
2712,334.5,433.5,374.5,430.5,40.0,432.0
2712,695.5,455.5,727.5,453.5,32.0,454.5
2712,409.5,506.5,463.0,505.0,53.5,505.75
2712,713.5,528.5,765.5,526.5,52.0,527.5
2712,402.0,745.0,480.0,741.0,78.0,743.0
2724,510.0,408.0,544.0,406.0,34.0,407.0
2724,740.5,474.5,777.0,472.0,36.5,473.25
2724,635.0,494.0,677.0,492.0,42.0,493.0
2724,415.5,533.5,474.5,530.5,59.0,532.0
2724,763.5,568.5,823.0,566.0,59.5,567.25
2736,541.0,421.0,579.0,419.0,38.0,420.0
2736,524.0,485.0,565.0,483.0,41.0,484.0
2736,788.5,496.5,827.5,494.5,39.0,495.5
2736,679.5,524.5,726.0,522.0,46.5,523.25
2736,415.5,566.5,482.5,562.5,67.0,564.5
2736,819.5,620.5,887.5,618.5,68.0,619.5
2748,571.5,436.5,612.0,434.0,40.5,435.25
2748,557.0,513.0,601.5,510.5,44.5,511.75
2748,838.0,524.0,883.5,521.5,45.5,522.75
2748,726.5,563.5,779.5,559.5,53.0,561.5
2748,408.5,604.5,483.5,600.5,75.0,602.5
2748,887.5,695.5,973.0,693.0,85.5,694.25
2760,601.0,453.0,646.0,451.0,45.0,452.0
2760,416.5,502.5,470.0,498.0,53.5,500.25
2760,587.0,550.0,639.0,548.0,52.0,549.0
2760,895.0,557.0,945.0,555.0,50.0,556.0
2760,780.5,614.5,841.5,610.5,61.0,612.5
2760,393.0,652.0,477.5,648.5,84.5,650.25
2760,985.0,814.0,1090.5,812.5,105.5,813.25
2772,510.0,402.0,542.0,400.0,32.0,401.0
2772,632.5,473.5,679.0,470.0,46.5,471.75
2772,432.5,528.5,492.0,526.0,59.5,527.25
2772,614.5,596.5,675.0,595.0,60.5,595.75
2772,959.5,599.5,1016.5,598.5,57.0,599.0
2772,842.5,685.5,919.0,683.0,76.5,684.25
2772,358.0,718.0,464.0,714.0,106.0,716.0
2784,553.0,411.0,587.0,410.0,34.0,410.5
2784,315.0,426.0,343.0,424.0,28.0,425.0
2784,408.5,427.5,436.5,428.5,28.0,428.0
2784,527.0,438.0,559.0,435.0,32.0,436.5
2784,662.5,498.5,714.0,494.0,51.5,496.25
2784,443.0,562.0,510.5,559.5,67.5,560.75
2784,1035.0,657.0,1103.0,654.0,68.0,655.5
2784,638.0,661.0,711.5,660.5,73.5,660.75
2784,925.5,798.5,1023.5,796.5,98.0,797.5
2796,598.0,424.0,633.5,422.5,35.5,423.25
2796,335.0,438.0,366.0,435.0,31.0,436.5
2796,442.0,446.0,476.5,444.5,34.5,445.25
2796,691.5,527.5,750.5,524.5,59.0,526.0
2796,449.5,601.5,527.0,599.0,77.5,600.25
2796,1135.5,737.5,1218.0,736.0,82.5,736.75
2796,659.5,759.5,751.0,757.0,91.5,758.25
2808,301.0,416.0,326.0,415.0,25.0,415.5
2808,642.0,439.0,680.5,436.5,38.5,437.75
2808,355.5,449.5,387.0,448.0,31.5,448.75
2808,592.5,466.5,630.0,465.0,37.5,465.75
2808,718.0,568.0,786.5,561.5,68.5,564.75
2808,449.0,652.0,539.0,652.0,90.0,652.0
2820,324.0,426.0,350.0,425.0,26.0,425.5
2820,689.0,456.0,731.5,453.5,42.5,454.75
2820,372.5,464.5,408.0,463.0,35.5,463.75
2820,626.5,485.5,669.0,485.0,42.5,485.25
2820,512.5,494.5,551.5,492.5,39.0,493.5
2820,744.0,615.0,823.5,610.5,79.5,612.75
2820,443.0,728.0,552.5,725.5,109.5,726.75
2832,327.5,397.5,354.0,396.0,26.5,396.75
2832,345.0,436.0,374.0,434.0,29.0,435.0
2832,738.0,476.0,784.0,473.0,46.0,474.5
2832,389.0,482.0,425.5,479.5,36.5,480.75
2832,662.0,509.0,707.5,508.5,45.5,508.75
2832,545.5,528.5,590.0,527.0,44.5,527.75
2832,766.0,682.0,861.0,676.0,95.0,679.0
2844,356.5,405.5,382.5,403.5,26.0,404.5
2844,366.5,447.5,396.0,445.0,29.5,446.25
2844,789.0,500.0,841.5,497.5,52.5,498.75
2844,402.5,503.5,443.0,501.0,40.5,502.25
2844,699.5,538.5,749.0,536.0,49.5,537.25
2844,576.0,573.0,628.0,570.0,52.0,571.5
2844,784.5,774.5,901.0,771.0,116.5,772.75
2856,383.0,414.0,412.0,412.0,29.0,413.0
2856,303.5,422.5,331.0,423.0,27.5,422.75
2856,387.0,460.0,418.5,457.5,31.5,458.75
2856,413.5,528.5,457.5,526.5,44.0,527.5
2856,845.5,531.5,903.5,527.5,58.0,529.5
2856,736.5,574.5,793.0,571.0,56.5,572.75
2856,606.5,630.5,668.0,627.0,61.5,628.75
2868,411.0,424.0,441.0,422.0,30.0,423.0
2868,326.5,434.5,355.5,432.5,29.0,433.5
2868,404.5,473.5,438.5,472.5,34.0,473.0
2868,421.0,560.0,469.5,556.5,48.5,558.25
2868,907.5,569.5,974.5,567.5,67.0,568.5
2868,777.0,618.0,841.5,614.5,64.5,616.25
2868,635.5,710.5,712.0,709.0,76.5,709.75
2880,408.0,396.0,433.5,397.5,25.5,396.75
2880,438.0,435.0,468.0,433.0,30.0,434.0
2880,347.0,447.0,378.0,445.0,31.0,446.0
2880,419.0,490.0,455.0,488.0,36.0,489.0
2880,423.0,597.0,479.0,594.0,56.0,595.5
2880,980.5,621.5,1058.0,618.0,77.5,619.75
2880,819.5,676.5,896.0,674.0,76.5,675.25
2880,667.5,836.5,766.0,837.0,98.5,836.75
2892,464.0,449.0,497.0,446.0,33.0,447.5
2892,365.0,461.0,397.5,458.5,32.5,459.75
2892,431.5,508.5,469.0,507.0,37.5,507.75
2892,418.5,644.5,482.5,641.5,64.0,643.0
2892,1072.5,695.5,1167.5,691.5,95.0,693.5
2892,868.5,759.5,965.0,758.0,96.5,758.75
2904,370.0,387.0,397.0,387.0,27.0,387.0
2904,306.5,425.5,335.0,424.0,28.5,424.75
2904,512.0,431.0,548.0,429.0,36.0,430.0
2904,490.5,463.5,527.0,461.0,36.5,462.25
2904,382.5,476.5,416.5,473.5,34.0,475.0
2904,438.0,531.0,479.5,529.5,41.5,530.25
2904,401.0,707.0,478.0,705.0,77.0,706.0
2904,1207.0,808.0,1326.0,804.0,119.0,806.0
2916,402.5,395.5,429.0,390.0,26.5,392.75
2916,330.0,438.0,358.5,435.5,28.5,436.75
2916,545.5,445.5,584.0,443.0,38.5,444.25
2916,516.5,480.5,555.0,478.0,38.5,479.25
2916,397.0,494.0,433.5,492.5,36.5,493.25
2916,440.5,557.5,485.5,556.5,45.0,557.0
2916,363.0,803.0,459.0,801.0,96.0,802.0
2928,303.0,397.0,329.0,396.0,26.0,396.5
2928,433.5,402.5,464.5,399.5,31.0,401.0
2928,579.0,461.0,619.0,459.0,40.0,460.0
2928,541.5,501.5,584.0,498.0,42.5,499.75
2928,408.5,514.5,449.5,513.5,41.0,514.0
2928,438.0,589.0,488.5,587.5,50.5,588.25
2940,330.5,405.5,359.0,404.0,28.5,404.75
2940,465.0,411.0,494.0,409.0,29.0,410.0
2940,631.0,449.0,663.5,448.5,32.5,448.75
2940,612.0,478.0,656.0,476.0,44.0,477.0
2940,565.5,526.5,612.0,523.0,46.5,524.75
2940,416.5,540.5,461.5,538.5,45.0,539.5
2940,427.5,625.5,485.0,623.0,57.5,624.25
2952,558.0,410.0,587.0,409.0,29.0,409.5
2952,497.0,421.0,527.0,420.0,30.0,420.5
2952,360.0,415.0,388.5,413.5,28.5,414.25
2952,679.5,466.5,716.5,465.5,37.0,466.0
2952,388.5,484.5,425.5,481.5,37.0,483.0
2952,647.0,502.0,695.0,499.0,48.0,500.5
2952,587.5,556.5,641.5,553.5,54.0,555.0
2952,421.0,570.0,470.5,568.5,49.5,569.25
2952,408.5,671.5,475.5,670.5,67.0,671.0
2964,600.0,421.0,632.0,420.0,32.0,420.5
2964,389.0,426.0,418.5,423.5,29.5,424.75
2964,528.0,433.0,562.0,431.0,34.0,432.0
2964,733.5,487.5,772.5,485.5,39.0,486.5
2964,402.5,504.5,443.5,502.5,41.0,503.5
2964,680.5,528.5,732.5,525.5,52.0,527.0
2964,610.0,594.0,668.5,591.5,58.5,592.75
2964,421.0,604.0,475.5,601.5,54.5,602.75
2964,374.0,735.0,455.0,731.0,81.0,733.0
2976,645.5,435.5,679.0,433.0,33.5,434.25
2976,416.5,438.5,448.5,436.5,32.0,437.5
2976,559.5,446.5,595.5,444.5,36.0,445.5
2976,789.5,513.5,834.5,510.5,45.0,512.0
2976,414.5,528.5,458.5,526.5,44.0,527.5
2976,714.0,561.0,774.0,558.0,60.0,559.5
2976,628.5,639.5,697.5,636.5,69.0,638.0
2976,415.5,644.5,477.5,643.5,62.0,644.0
2976,322.5,821.5,417.5,821.5,95.0,821.5
2988,317.0,381.0,340.0,380.0,23.0,380.5
2988,689.0,451.0,726.0,449.0,37.0,450.0
2988,443.0,453.0,478.0,450.0,35.0,451.5
2988,590.5,462.5,630.0,460.0,39.5,461.25
2988,854.0,545.0,904.0,543.0,50.0,544.0
2988,748.5,602.5,817.5,599.5,69.0,601.0
2988,399.0,696.0,472.0,696.0,73.0,696.0
2988,644.5,699.5,725.5,698.5,81.0,699.0
3000,351.0,388.0,376.0,387.0,25.0,387.5
3000,737.0,469.0,776.0,467.0,39.0,468.0
3000,470.0,470.0,507.5,467.5,37.5,468.75
3000,623.5,481.5,665.5,478.5,42.0,480.0
3000,927.5,588.5,985.5,585.5,58.0,587.0
3000,786.0,655.0,865.0,653.0,79.0,654.0
3000,368.0,770.0,458.5,766.5,90.5,768.25
3000,655.5,787.5,754.5,786.5,99.0,787.0
